hospital_name,inquiry_total,heatstroke_inquiry,heatstroke_accept,heatstroke_reject,flu_inquiry,flu_accept,flu_reject,snow_inquiry,snow_accept,snow_reject,covid_inquiry,covid_accept,covid_reject,condition_inquiry_total,address,addr_csis,LocName,fX,fY,iConf,iLvl
あいざわクリニック（銀杏町,6,0,0,0,0,0,0,0,0,0,1,0,1,1,〒983-0047 宮城県仙台市宮城野区銀杏町２６−７,宮城県仙台市宮城野区銀杏町２６−７,宮城県/仙台市/宮城野区/銀杏町/２６番,140.90994,38.26261,5.0,7.0
あおば脳神経内科（中央二,24,0,0,0,0,0,0,0,0,0,0,0,0,0,〒980-0021 宮城県仙台市青葉区中央２丁目１１−１９ 仙南ビル,宮城県仙台市青葉区中央２丁目１１−１９ 仙南ビル,宮城県/仙台市/青葉区/中央/二丁目/１１番,140.87746,38.26263,5.0,7.0
あおば通りかずみクリニック,1,0,0,0,0,0,0,0,0,0,0,0,0,0,〒980-0804 宮城県仙台市青葉区大町１丁目１−５ グレイス大町 ３階,宮城県仙台市青葉区大町１丁目１−５ グレイス大町 ３階,宮城県/仙台市/青葉区/大町/一丁目/１番,140.87027,38.25973,5.0,7.0
あかかぶクリニック（中央二,5,0,0,0,0,0,0,0,0,0,0,0,0,0,〒980-0021 宮城県仙台市青葉区中央２丁目６−１９ 豊栄堂ビル ５階,宮城県仙台市青葉区中央２丁目６−１９ 豊栄堂ビル ５階,宮城県/仙台市/青葉区/中央/二丁目/６番,140.87785,38.26199,5.0,7.0
あきもとクリニック（栗生七,2,0,0,0,0,0,0,0,0,0,0,0,0,0,〒989-3122 宮城県仙台市青葉区栗生７丁目１０−７,宮城県仙台市青葉区栗生７丁目１０−７,宮城県/仙台市/青葉区/栗生/七丁目/１０番,140.77835,38.2688,5.0,7.0
あすとながまち心身ＣＬ（あすと長町一,1,0,0,0,0,0,0,0,0,0,0,0,0,0,〒982-0007 宮城県仙台市太白区あすと長町１丁目２−１ 仙台長町メディカルプラザ 2階,宮城県仙台市太白区あすと長町１丁目２−１ 仙台長町メディカルプラザ 2階,宮城県/仙台市/太白区/あすと長町/一丁目/２番,140.88768,38.23102,5.0,7.0
あすと耳鼻科（あすと長町一,6,0,0,0,0,0,0,0,0,0,0,0,0,0,〒982-0007 宮城県仙台市太白区あすと長町１丁目３−１,宮城県仙台市太白区あすと長町１丁目３−１,宮城県/仙台市/太白区/あすと長町/一丁目/３番,140.88911,38.23048,5.0,7.0
あすと長町えだクリニック（あすと長町三,3,1,1,0,0,0,0,0,0,0,0,0,0,1,〒982-0007 宮城県仙台市太白区あすと長町３丁目３−３３,宮城県仙台市太白区あすと長町３丁目３−３３,宮城県/仙台市/太白区/あすと長町/三丁目/３番,140.88596,38.21902,5.0,7.0
あすと長町さくらクリニック,1,0,0,0,0,0,0,0,0,0,0,0,0,0,〒982-0007 宮城県仙台市太白区あすと長町１丁目２−１ 仙台長町メディカルプラザ 3階,宮城県仙台市太白区あすと長町１丁目２−１ 仙台長町メディカルプラザ 3階,宮城県/仙台市/太白区/あすと長町/一丁目/２番,140.88768,38.23102,5.0,7.0
あすと長町はんだクリニック（あすと長町一,3,0,0,0,0,0,0,0,0,0,1,0,1,1,〒982-0007 宮城県仙台市太白区あすと長町１丁目３−１ SHIP仙台ビル ２Ｆ,宮城県仙台市太白区あすと長町１丁目３−１ SHIP仙台ビル ２Ｆ,宮城県/仙台市/太白区/あすと長町/一丁目/３番,140.88911,38.23048,5.0,7.0
あすと長町ひまわりこころのクリニック（あ,4,0,0,0,0,0,0,0,0,0,0,0,0,0,〒982-0007 宮城県仙台市太白区あすと長町１丁目３−１ SHIP仙台ビル2階,宮城県仙台市太白区あすと長町１丁目３−１ SHIP仙台ビル2階,宮城県/仙台市/太白区/あすと長町/一丁目/３番,140.88911,38.23048,5.0,7.0
あすと長町整形外科クリニック（あすと長町,2,0,0,0,0,0,0,0,0,0,0,0,0,0,〒982-0007 宮城県仙台市太白区あすと長町１丁目３−１ SHIP仙台ビル,宮城県仙台市太白区あすと長町１丁目３−１ SHIP仙台ビル,宮城県/仙台市/太白区/あすと長町/一丁目/３番,140.88911,38.23048,5.0,7.0
あべ脳神経クリニック（名取市,5,0,0,0,0,0,0,0,0,0,0,0,0,0,〒981-1222 宮城県名取市上余田市坪２７０,宮城県名取市上余田市坪２７０,宮城県/名取市/上余田/市坪/２７０番地,140.88469,38.18618,5.0,7.0
あやし腎・泌尿器クリニック,4,0,0,0,0,0,0,0,0,0,0,0,0,0,〒989-3125 宮城県仙台市青葉区下愛子観音堂２６−１,宮城県仙台市青葉区下愛子観音堂２６−１,宮城県/仙台市/青葉区/下愛子/観音堂/２６番地,140.76225,38.2684,5.0,7.0
あらいメンタルクリニック（荒井二,1,0,0,0,0,0,0,0,0,0,0,0,0,0,〒984-0032 宮城県仙台市若林区荒井２丁目１−１０,宮城県仙台市若林区荒井２丁目１−１０,宮城県/仙台市/若林区/荒井/二丁目/１番,140.93553,38.24506,5.0,7.0
あらい整形外科クリニック（六丁目字左近堀,4,0,0,0,0,0,0,0,0,0,0,0,0,0,〒984-0032 宮城県仙台市若林区荒井５丁目8−番23号,宮城県仙台市若林区荒井５丁目8−番23号,宮城県/仙台市/若林区/荒井/五丁目/８番,140.94525,38.24622,5.0,7.0
あらまち内科クリニック（荒町,3,0,0,0,0,0,0,1,1,0,1,1,0,2,〒984-0073 宮城県仙台市若林区荒町１２３ １２３ビル ２階,宮城県仙台市若林区荒町１２３ １２３ビル ２階,宮城県/仙台市/若林区/荒町/１２３番地,140.88187,38.24965,5.0,7.0
あんどうクリニック（四郎丸字吹上,6,0,0,0,1,0,1,0,0,0,2,0,2,3,〒981-1101 宮城県仙台市太白区四郎丸吹上２８−３８,宮城県仙台市太白区四郎丸吹上２８−３８,宮城県/仙台市/太白区/四郎丸/吹上/２８番地,140.91196,38.19304,5.0,7.0
いがらしレディースクリニック（宮町四,1,0,0,0,0,0,0,0,0,0,0,0,0,0,〒980-0004 宮城県仙台市青葉区宮町４丁目５−３４ 2F 仙台市青葉区宮町4丁目5-34 Noie,宮城県仙台市青葉区宮町４丁目５−３４ 2F 仙台市青葉区宮町4丁目5-34 Noie,宮城県/仙台市/青葉区/宮町/四丁目/５番,140.8831,38.27466,5.0,7.0
いけだ循環器クリニック（福室二,1,0,0,0,0,0,0,0,0,0,0,0,0,0,〒983-0005 宮城県仙台市宮城野区福室２丁目６−２４,宮城県仙台市宮城野区福室２丁目６−２４,宮城県/仙台市/宮城野区/福室/二丁目/６番,140.96771,38.27299,5.0,7.0
いしばし消化器内視鏡クリニック,1,0,0,0,0,0,0,0,0,0,0,0,0,0,〒984-0047 宮城県仙台市若林区木ノ下３丁目１６−２１ 薬師堂ATTRA 3F,宮城県仙台市若林区木ノ下３丁目１６−２１ 薬師堂ATTRA 3F,宮城県/仙台市/若林区/木ノ下/三丁目/１６番,140.90485,38.25005,5.0,7.0
いずみの杜診療所（松森字下町,3,0,0,0,0,0,0,0,0,0,0,0,0,0,〒981-3111 宮城県仙台市泉区松森下町８−１,宮城県仙台市泉区松森下町８−１,宮城県/仙台市/泉区/松森,140.91335,38.30897,5.0,5.0
いずみクリニック（加茂四,2,0,0,0,1,0,1,0,0,0,1,0,1,2,〒981-3122 宮城県仙台市泉区加茂４丁目４−２,宮城県仙台市泉区加茂４丁目４−２,宮城県/仙台市/泉区/加茂/四丁目/４番,140.85486,38.3128,5.0,7.0
いずみ野村ファミリークリニック（野村桂島,3,1,0,1,0,0,0,0,0,0,0,0,0,1,〒981-3124 宮城県仙台市泉区野村桂島東１−５,宮城県仙台市泉区野村桂島東１−５,宮城県/仙台市/泉区/野村/桂島東/１番地,140.86691,38.32842,5.0,7.0
いのうえ小児科クリニック（福室二,1,0,0,0,0,0,0,0,0,0,0,0,0,0,〒983-0005 宮城県仙台市宮城野区福室２丁目６−２４,宮城県仙台市宮城野区福室２丁目６−２４,宮城県/仙台市/宮城野区/福室/二丁目/６番,140.96771,38.27299,5.0,7.0
うりぼうキッズクリニック,5,2,1,1,0,0,0,0,0,0,0,0,0,2,〒983-0828 宮城県仙台市宮城野区岩切分台３丁目１−５,宮城県仙台市宮城野区岩切分台３丁目１−５,宮城県/仙台市/宮城野区/岩切分台/三丁目/１番,140.95534,38.30689,5.0,7.0
おあば・南吉成ペインクリニック,3,0,0,0,0,0,0,0,0,0,0,0,0,0,〒989-3204 宮城県仙台市青葉区南吉成６丁目６−１０,宮城県仙台市青葉区南吉成６丁目６−１０,宮城県/仙台市/青葉区/南吉成/六丁目/６番,140.81238,38.28583,5.0,7.0
おおかた内科胃腸科医院（鶴ヶ谷北一,1,0,0,0,0,0,0,0,0,0,0,0,0,0,〒983-0825 宮城県仙台市宮城野区鶴ケ谷北１丁目１４−２１,宮城県仙台市宮城野区鶴ケ谷北１丁目１４−２１,宮城県/仙台市/宮城野区/鶴ケ谷北/一丁目/１４番,140.91653,38.29602,5.0,7.0
おおさか内科・外科クリニック（明石南三,1,0,0,0,0,0,0,0,0,0,0,0,0,0,〒981-3101 宮城県仙台市泉区明石南３丁目５−７ おおさか内科・外科クリニック,宮城県仙台市泉区明石南３丁目５−７ おおさか内科・外科クリニック,宮城県/仙台市/泉区/明石南/三丁目/５番,140.88617,38.34021,5.0,7.0
おおつか内科医院（将監八丁,4,0,0,0,0,0,0,0,0,0,0,0,0,0,〒981-3132 宮城県仙台市泉区将監８丁目８−１,宮城県仙台市泉区将監８丁目８−１,宮城県/仙台市/泉区/将監/八丁目/８番,140.87784,38.33347,5.0,7.0
おおのだ田中クリニック（大野田四,7,0,0,0,0,0,0,0,0,0,0,0,0,0,〒982-0014 宮城県仙台市太白区大野田４丁目１８−１,宮城県仙台市太白区大野田４丁目１８−１,宮城県/仙台市/太白区/大野田/四丁目,140.87509,38.21232,5.0,6.0
おおひら内科クリニック（二日町,4,0,0,0,0,0,0,0,0,0,0,0,0,0,〒980-0802 宮城県仙台市青葉区二日町１６−２７,宮城県仙台市青葉区二日町１６−２７,宮城県/仙台市/青葉区/二日町/１６番,140.86543,38.27101,5.0,7.0
おかだしゅうこ皮膚科,1,0,0,0,0,0,0,0,0,0,0,0,0,0,〒981-3133 宮城県仙台市泉区泉中央１丁目１５−２ 赤間総業泉中央パーキングビル 1階,宮城県仙台市泉区泉中央１丁目１５−２ 赤間総業泉中央パーキングビル 1階,宮城県/仙台市/泉区/泉中央/一丁目/１５番,140.8801,38.32342,5.0,7.0
おかだ小児科（黒松一,1,0,0,0,1,1,0,0,0,0,1,1,0,2,〒981-8006 宮城県仙台市泉区黒松１丁目３−５ 泰佳詩会おかだ小児科,宮城県仙台市泉区黒松１丁目３−５ 泰佳詩会おかだ小児科,宮城県/仙台市/泉区/黒松/一丁目/３番,140.88187,38.30465,5.0,7.0
おくぐち皮ふ科クリニック（袋原字小原,1,0,0,0,0,0,0,0,0,0,0,0,0,0,〒981-1102 宮城県仙台市太白区袋原小原４２−３ ２,宮城県仙台市太白区袋原小原４２−３ ２,宮城県/仙台市/太白区/袋原/小原/４２番地,140.90445,38.19706,5.0,7.0
おくやまアイクリニック（荒巻中央,1,0,0,0,0,0,0,0,0,0,0,0,0,0,〒981-0964 宮城県仙台市青葉区荒巻中央１７−１６,宮城県仙台市青葉区荒巻中央１７−１６,宮城県/仙台市/青葉区/荒巻中央/１７番,140.8568,38.2921,5.0,7.0
おざわ女性総合クリニック（荒町,3,0,0,0,0,0,0,0,0,0,0,0,0,0,〒984-0073 宮城県仙台市若林区荒町１９２,宮城県仙台市若林区荒町１９２,宮城県/仙台市/若林区/荒町/１９２番地,140.88615,38.24955,5.0,7.0
かかず整形外科医院（八幡三,5,0,0,0,0,0,0,1,0,1,0,0,0,1,〒980-0871 宮城県仙台市青葉区八幡３丁目４−１３,宮城県仙台市青葉区八幡３丁目４−１３,宮城県/仙台市/青葉区/八幡/三丁目/４番,140.84476,38.26932,5.0,7.0
かぎとり診療所（鈎取本町一,8,0,0,0,0,0,0,0,0,0,0,0,0,0,〒982-0805 宮城県仙台市太白区鈎取本町１丁目１３−２,宮城県仙台市太白区鈎取本町１丁目１３−２,宮城県/仙台市/太白区/鈎取本町/一丁目/１３番,140.8342,38.22164,5.0,7.0
かさい内科クリニック（富沢南一,1,0,0,0,0,0,0,0,0,0,0,0,0,0,〒982-0036 宮城県仙台市太白区富沢南１丁目２５−１,宮城県仙台市太白区富沢南１丁目２５−１,宮城県/仙台市/太白区/富沢南/一丁目/２５番,140.86893,38.21368,5.0,7.0
かさはらＬクリニック（郡山一,9,0,0,0,0,0,0,0,0,0,0,0,0,0,〒982-0003 宮城県仙台市太白区郡山１丁目１５−５,宮城県仙台市太白区郡山１丁目１５−５,宮城県/仙台市/太白区/郡山/一丁目/１５番,140.88991,38.22735,5.0,7.0
かとう耳鼻咽喉・嚥下クリニック,2,0,0,0,0,0,0,0,0,0,0,0,0,0,〒980-0802 宮城県仙台市青葉区二日町１１−１２ リーベンス二日町 1F,宮城県仙台市青葉区二日町１１−１２ リーベンス二日町 1F,宮城県/仙台市/青葉区/二日町/１１番,140.86798,38.27058,5.0,7.0
かねこクリニック（西の平一,1,1,0,1,0,0,0,0,0,0,0,0,0,1,〒982-0825 宮城県仙台市太白区西の平１丁目２５−２７,宮城県仙台市太白区西の平１丁目２５−２７,宮城県/仙台市/太白区/西の平/一丁目/２５番,140.85582,38.22929,5.0,7.0
かねとう腎泌尿器科クリニック（中央三,1,0,0,0,0,0,0,0,0,0,0,0,0,0,〒980-0021 宮城県仙台市青葉区中央３丁目１−２１ USビル 19 2F,宮城県仙台市青葉区中央３丁目１−２１ USビル 19 2F,宮城県/仙台市/青葉区/中央/三丁目/１番,140.87874,38.26047,5.0,7.0
かの耳鼻咽喉科クリニック（荒井六,1,0,0,0,0,0,0,0,0,0,0,0,0,0,〒984-0032 宮城県仙台市若林区荒井６丁目２−２,宮城県仙台市若林区荒井６丁目２−２,宮城県/仙台市/若林区/荒井/六丁目/２番,140.94557,38.24306,5.0,7.0
かめやま整形外科（富沢南一,12,0,0,0,0,0,0,0,0,0,0,0,0,0,〒982-0036 宮城県仙台市太白区富沢南１丁目２３−７,宮城県仙台市太白区富沢南１丁目２３−７,宮城県/仙台市/太白区/富沢南/一丁目/２３番,140.868,38.21313,5.0,7.0
かやば小児科医院（中倉一,1,0,0,0,0,0,0,0,0,0,0,0,0,0,〒984-0821 宮城県仙台市若林区中倉１丁目１１−３,宮城県仙台市若林区中倉１丁目１１−３,宮城県/仙台市/若林区/中倉/一丁目/１１番,140.91011,38.24358,5.0,7.0
からだとこころのクリニックラポール（堰場,2,0,0,0,0,0,0,0,0,0,0,0,0,0,〒984-0817 宮城県仙台市若林区堰場12番5号 ソレアード舟丁 1F,宮城県仙台市若林区堰場12番5号 ソレアード舟丁 1F,宮城県/仙台市/若林区/堰場/１２番地,140.88666,38.2422,5.0,7.0
かわせみクリニック（泉中央四,1,0,0,0,0,0,0,0,0,0,0,0,0,0,〒981-3133 宮城県仙台市泉区泉中央４丁目２１−７,宮城県仙台市泉区泉中央４丁目２１−７,宮城県/仙台市/泉区/泉中央/四丁目/２１番,140.88644,38.32233,5.0,7.0
かわむらこどもクリニック（高松一,3,0,0,0,0,0,0,0,0,0,0,0,0,0,〒981-0907 宮城県仙台市青葉区高松１丁目１６−１,宮城県仙台市青葉区高松１丁目１６−１,宮城県/仙台市/青葉区/高松/一丁目/１６番,140.88976,38.27913,5.0,7.0
かんのキッズクリニック（大和町二,2,0,0,0,0,0,0,0,0,0,0,0,0,0,〒981-0907 宮城県仙台市青葉区高松１丁目１６−１,宮城県仙台市青葉区高松１丁目１６−１,宮城県/仙台市/青葉区/高松/一丁目/１６番,140.88976,38.27913,5.0,7.0
きたのはら女性クリニック（国分町二,1,0,0,0,0,0,0,0,0,0,0,0,0,0,〒980-0803 宮城県仙台市青葉区国分町２丁目２−５ 柴崎ビル 8F,宮城県仙台市青葉区国分町２丁目２−５ 柴崎ビル 8F,宮城県/仙台市/青葉区/国分町/二丁目/２番,140.86926,38.26235,5.0,7.0
くすの木内科クリニック,2,0,0,0,0,0,0,0,0,0,0,0,0,0,〒981-1104 宮城県仙台市太白区中田３丁目８−３７,宮城県仙台市太白区中田３丁目８−３７,宮城県/仙台市/太白区/中田/三丁目/８番,140.88553,38.19909,5.0,7.0
くにみ内科クリニック（国見四,2,0,0,0,0,0,0,0,0,0,0,0,0,0,〒981-0943 宮城県仙台市青葉区国見４丁目２−５,宮城県仙台市青葉区国見４丁目２−５,宮城県/仙台市/青葉区/国見/四丁目/２番,140.84213,38.27608,5.0,7.0
くにみ整形外科クリニック（国見四,11,0,0,0,0,0,0,0,0,0,0,0,0,0,〒981-0943 宮城県仙台市青葉区国見４丁目２−７,宮城県仙台市青葉区国見４丁目２−７,宮城県/仙台市/青葉区/国見/四丁目/２番,140.84213,38.27608,5.0,7.0
くにみ透析クリニック（国見六,2,0,0,0,0,0,0,0,0,0,0,0,0,0,〒981-0943 宮城県仙台市青葉区国見６丁目８７−１,宮城県仙台市青葉区国見６丁目８７−１,宮城県/仙台市/青葉区/国見/六丁目/８７番,140.83018,38.28279,5.0,7.0
くまがいクリニック（西多賀一,3,0,0,0,0,0,0,0,0,0,0,0,0,0,〒982-0034 宮城県仙台市太白区西多賀１丁目１９−１５,宮城県仙台市太白区西多賀１丁目１９−１５,宮城県/仙台市/太白区/西多賀/一丁目/１９番,140.8587,38.22365,5.0,7.0
くりう耳鼻科医院（栗生五,2,0,0,0,0,0,0,0,0,0,0,0,0,0,〒989-3122 宮城県仙台市青葉区栗生５丁目８−１０ ロワールＴ．Ｎ 2階,宮城県仙台市青葉区栗生５丁目８−１０ ロワールＴ．Ｎ 2階,宮城県/仙台市/青葉区/栗生/五丁目/８番,140.79027,38.2659,5.0,7.0
こころのクリニック　ＯＡＳＩＳ（二日町,2,0,0,0,0,0,0,0,0,0,0,0,0,0,〒980-0802 宮城県仙台市青葉区二日町１７−２７ 北四青葉ビル 2階,宮城県仙台市青葉区二日町１７−２７ 北四青葉ビル 2階,宮城県/仙台市/青葉区/二日町/１７番,140.86638,38.2714,5.0,7.0
こまつ皮膚科クリニック北仙台（昭和町,1,0,0,0,0,0,0,0,0,0,0,0,0,0,〒980-0802 宮城県仙台市青葉区二日町１７−２７ 北四青葉ビル 2階,宮城県仙台市青葉区二日町１７−２７ 北四青葉ビル 2階,宮城県/仙台市/青葉区/二日町/１７番,140.86638,38.2714,5.0,7.0
こん小児科クリニック,2,0,0,0,0,0,0,0,0,0,0,0,0,0,〒981-3135 宮城県仙台市泉区八乙女中央２丁目４−２５,宮城県仙台市泉区八乙女中央２丁目４−２５,宮城県/仙台市/泉区/八乙女中央/二丁目/４番,140.88213,38.31672,5.0,7.0
ごとう整形外科クリニック（本町二,4,0,0,0,0,0,0,0,0,0,0,0,0,0,〒980-0014 宮城県仙台市青葉区本町２丁目４−８ ５１０ビル ４Ｆ,宮城県仙台市青葉区本町２丁目４−８ ５１０ビル ４Ｆ,宮城県/仙台市/青葉区/本町/二丁目/４番,140.87346,38.26369,5.0,7.0
さいとう伸整形外科（荒巻本沢三,20,0,0,0,0,0,0,1,1,0,0,0,0,1,〒981-0966 宮城県仙台市青葉区荒巻本沢３丁目１−１５,宮城県仙台市青葉区荒巻本沢３丁目１−１５,宮城県/仙台市/青葉区/荒巻本沢/三丁目/１番,140.85716,38.28927,5.0,7.0
さいとう眼科（中央一,1,0,0,0,0,0,0,0,0,0,0,0,0,0,〒983-0852 宮城県仙台市青葉区中央１丁目１−１ エスパル仙台 東館 4F,宮城県仙台市青葉区中央１丁目１−１ エスパル仙台 東館 4F,宮城県/仙台市/青葉区/中央/一丁目/１番,140.8817,38.26034,5.0,7.0
さいとう脳神経外科クリニック,6,0,0,0,0,0,0,0,0,0,0,0,0,0,〒989-3206 宮城県仙台市青葉区吉成台１丁目１−２０,宮城県仙台市青葉区吉成台１丁目１−２０,宮城県/仙台市/青葉区/吉成台/一丁目/１番,140.82272,38.29286,5.0,7.0
さがら内科クリニック（小松島四,5,0,0,0,0,0,0,0,0,0,0,0,0,0,〒981-0905 宮城県仙台市青葉区小松島４丁目２７−３３,宮城県仙台市青葉区小松島４丁目２７−３３,宮城県/仙台市/青葉区/小松島/四丁目/２７番,140.89159,38.28756,5.0,7.0
さくやま小児科クリニック（南吉成四,2,0,0,0,0,0,0,0,0,0,1,0,1,1,〒989-3204 宮城県仙台市青葉区南吉成４丁目１３−２,宮城県仙台市青葉区南吉成４丁目１３−２,宮城県/仙台市/青葉区/南吉成/四丁目/１３番,140.81548,38.28901,5.0,7.0
さくらい循環器科・内科ＣＬ（河原町一,6,0,0,0,1,0,1,0,0,0,0,0,0,1,〒984-0816 宮城県仙台市若林区河原町１丁目１−５ リライアンス河原町,宮城県仙台市若林区河原町１丁目１−５ リライアンス河原町,宮城県/仙台市/若林区/河原町/一丁目/１番,140.88812,38.24048,5.0,7.0
さくら外科整形外科クリニック（上飯田四,7,0,0,0,0,0,0,0,0,0,0,0,0,0,〒984-0838 宮城県仙台市若林区上飯田４丁目９−１８,宮城県仙台市若林区上飯田４丁目９−１８,宮城県/仙台市/若林区/上飯田/四丁目/９番,140.92508,38.21777,5.0,7.0
さとう小児科小内科（鈎取本町一,6,0,0,0,3,3,0,0,0,0,0,0,0,3,〒982-0805 宮城県仙台市太白区鈎取本町１丁目５−５,宮城県仙台市太白区鈎取本町１丁目５−５,宮城県/仙台市/太白区/鈎取本町/一丁目/５番,140.84198,38.22121,5.0,7.0
さとう腎臓内科ひ尿器科（長町二,12,1,0,1,1,0,1,0,0,0,0,0,0,2,〒982-0011 宮城県仙台市太白区長町２丁目９−３１,宮城県仙台市太白区長町２丁目９−３１,宮城県/仙台市/太白区/長町/二丁目/９番,140.88232,38.23526,5.0,7.0
さのクリニック,2,0,0,0,0,0,0,0,0,0,0,0,0,0,〒983-0812 宮城県仙台市宮城野区小田原弓ノ町１００−１ アンサンブルメディカルビル ４Ｆ,宮城県仙台市宮城野区小田原弓ノ町１００−１ アンサンブルメディカルビル ４Ｆ,宮城県/仙台市/宮城野区/小田原弓ノ町,140.89189,38.26429,5.0,5.0
さはた内科クリニック（一番町三,1,0,0,0,0,0,0,0,0,0,0,0,0,0,〒980-0811 宮城県仙台市青葉区一番町３丁目６−１ 一番町平和ビル,宮城県仙台市青葉区一番町３丁目６−１ 一番町平和ビル,宮城県/仙台市/青葉区/一番町/三丁目/６番,140.87379,38.26107,5.0,7.0
しかない整形外科クリニック（中山九,8,0,0,0,0,0,0,0,0,0,0,0,0,0,〒981-0952 宮城県仙台市青葉区中山９丁目１−３,宮城県仙台市青葉区中山９丁目１−３,宮城県/仙台市/青葉区/中山/九丁目/１番,140.83235,38.29935,5.0,7.0
しばた整形外科（大和町二,4,0,0,0,0,0,0,0,0,0,0,0,0,0,〒984-0042 宮城県仙台市若林区大和町２丁目６−３ ２Ｆ,宮城県仙台市若林区大和町２丁目６−３ ２Ｆ,宮城県/仙台市/若林区/大和町/二丁目/６番,140.9151,38.24847,5.0,7.0
しょうげん内科クリニック（将監殿三,3,0,0,0,0,0,0,0,0,0,0,0,0,0,〒981-3136 宮城県仙台市泉区将監殿３丁目21−７,宮城県仙台市泉区将監殿３丁目21−７,宮城県/仙台市/泉区/将監殿/三丁目/２１番,140.8768,38.34278,5.0,7.0
しろうまる浅田クリニック,6,0,0,0,0,0,0,0,0,0,0,0,0,0,〒981-1101 宮城県仙台市太白区四郎丸神明２９−１０,宮城県仙台市太白区四郎丸神明２９−１０,宮城県/仙台市/太白区/四郎丸/神明/２９番地,140.91151,38.19025,5.0,7.0
しんてらこどもクリニック（新寺一,1,0,0,0,1,1,0,0,0,0,0,0,0,1,〒984-0051 宮城県仙台市若林区新寺１丁目８−１ ２Ｆ,宮城県仙台市若林区新寺１丁目８−１ ２Ｆ,宮城県/仙台市/若林区/新寺/一丁目/８番,140.88446,38.25407,5.0,7.0
しんでん東耳鼻咽喉科（新田東二,3,0,0,0,0,0,0,0,0,0,0,0,0,0,〒983-0039 宮城県仙台市宮城野区新田東２丁目１０−５ ＳＨビル 1F,宮城県仙台市宮城野区新田東２丁目１０−５ ＳＨビル 1F,宮城県/仙台市/宮城野区/新田東/二丁目/１０番,140.93468,38.27474,5.0,7.0
すがわら小児科クリニック（あすと長町一,6,0,0,0,0,0,0,0,0,0,0,0,0,0,〒982-0007 宮城県仙台市太白区あすと長町１丁目２−１ 仙台長町メディカルプラザ2階,宮城県仙台市太白区あすと長町１丁目２−１ 仙台長町メディカルプラザ2階,宮城県/仙台市/太白区/あすと長町/一丁目/２番,140.88768,38.23102,5.0,7.0
すけの医院（三神峰二,1,0,0,0,0,0,0,0,0,0,0,0,0,0,〒982-0826 宮城県仙台市太白区三神峯２丁目２−３,宮城県仙台市太白区三神峯２丁目２−３,宮城県/仙台市/太白区/三神峯/二丁目/２番,140.85039,38.22802,5.0,7.0
すずきクリニック（栗生四,1,0,0,0,0,0,0,0,0,0,0,0,0,0,〒989-3122 宮城県仙台市青葉区栗生４丁目１２−３,宮城県仙台市青葉区栗生４丁目１２−３,宮城県/仙台市/青葉区/栗生/四丁目/１２番,140.79092,38.26728,5.0,7.0
せきこどもクリニック（福室五,1,0,0,0,0,0,0,0,0,0,0,0,0,0,〒983-0005 宮城県仙台市宮城野区福室５丁目９−４０,宮城県仙台市宮城野区福室５丁目９−４０,宮城県/仙台市/宮城野区/福室/五丁目/９番,140.9711,38.27901,5.0,7.0
せき内科脳神経内科クリニック（松森字新田,4,1,1,0,0,0,0,0,0,0,0,0,0,1,〒981-3111 宮城県仙台市泉区松森新田１０７,宮城県仙台市泉区松森新田１０７,宮城県/仙台市/泉区/松森/新田,140.90593,38.30437,5.0,6.0
せせらぎクリニック,1,0,0,0,0,0,0,0,0,0,0,0,0,0,〒989-3127 宮城県仙台市青葉区愛子東１丁目４−２７,宮城県仙台市青葉区愛子東１丁目４−２７,宮城県/仙台市/青葉区/愛子東/一丁目/４番,140.7804,38.27275,5.0,7.0
せんだんホスピタル（国見ヶ丘六,53,1,1,0,0,0,0,0,0,0,0,0,0,1,〒989-3127 宮城県仙台市青葉区愛子東１丁目４−２７,宮城県仙台市青葉区愛子東１丁目４−２７,宮城県/仙台市/青葉区/愛子東/一丁目/４番,140.7804,38.27275,5.0,7.0
その他の場所（市外,2,0,0,0,0,0,0,0,0,0,0,0,0,0,,,,,,,
その他公的病院（市外,1,0,0,0,0,0,0,0,0,0,0,0,0,0,,,,,,,
その他公的病院（市外,1,0,0,0,0,0,0,0,0,0,0,0,0,0,,,,,,,
その他公的病院（泉,1,0,0,0,0,0,0,0,0,0,0,0,0,0,,,,,,,
その他公的病院（泉,1,0,0,0,0,0,0,0,0,0,0,0,0,0,,,,,,,
その他国立病院（市外,2,0,0,0,0,0,0,0,0,0,0,0,0,0,,,,,,,
その他国立診療所（若林,1,0,0,0,0,0,0,0,0,0,0,0,0,0,,,,,,,
その他私的病院（宮城,1,0,0,0,0,0,0,0,0,0,0,0,0,0,,,,,,,
その他私的病院（宮城,1,0,0,0,0,0,0,0,0,0,0,0,0,0,,,,,,,
その他私的病院（宮城,1,0,0,0,0,0,0,0,0,0,0,0,0,0,,,,,,,
その他私的病院（市外,7,1,0,1,0,0,0,0,0,0,0,0,0,1,,,,,,,
その他私的病院（市外,7,1,0,1,0,0,0,0,0,0,0,0,0,1,,,,,,,
その他私的病院（市外,7,1,0,1,0,0,0,0,0,0,0,0,0,1,,,,,,,
その他私的病院（若林,1,0,0,0,0,0,0,0,0,0,0,0,0,0,,,,,,,
その他私的病院（若林,1,0,0,0,0,0,0,0,0,0,0,0,0,0,,,,,,,
その他私的病院（若林,1,0,0,0,0,0,0,0,0,0,0,0,0,0,,,,,,,
その他私的診療所（太白,4,0,0,0,0,0,0,0,0,0,0,0,0,0,,,,,,,
その他私的診療所（太白,4,0,0,0,0,0,0,0,0,0,0,0,0,0,,,,,,,
その他私的診療所（太白,4,0,0,0,0,0,0,0,0,0,0,0,0,0,,,,,,,
その他私的診療所（太白,4,0,0,0,0,0,0,0,0,0,0,0,0,0,,,,,,,
その他私的診療所（太白,4,0,0,0,0,0,0,0,0,0,0,0,0,0,,,,,,,
その他私的診療所（太白,4,0,0,0,0,0,0,0,0,0,0,0,0,0,,,,,,,
その他私的診療所（宮城,1,0,0,0,0,0,0,0,0,0,0,0,0,0,,,,,,,
その他私的診療所（宮城,1,0,0,0,0,0,0,0,0,0,0,0,0,0,,,,,,,
その他私的診療所（宮城,1,0,0,0,0,0,0,0,0,0,0,0,0,0,,,,,,,
その他私的診療所（宮城,1,0,0,0,0,0,0,0,0,0,0,0,0,0,,,,,,,
その他私的診療所（宮城,1,0,0,0,0,0,0,0,0,0,0,0,0,0,,,,,,,
その他私的診療所（宮城,1,0,0,0,0,0,0,0,0,0,0,0,0,0,,,,,,,
その他私的診療所（宮城野,1,0,0,0,0,0,0,0,0,0,0,0,0,0,,,,,,,
その他私的診療所（宮城野,1,0,0,0,0,0,0,0,0,0,0,0,0,0,,,,,,,
その他私的診療所（宮城野,1,0,0,0,0,0,0,0,0,0,0,0,0,0,,,,,,,
その他私的診療所（宮城野,1,0,0,0,0,0,0,0,0,0,0,0,0,0,,,,,,,
その他私的診療所（宮城野,1,0,0,0,0,0,0,0,0,0,0,0,0,0,,,,,,,
その他私的診療所（宮城野,1,0,0,0,0,0,0,0,0,0,0,0,0,0,,,,,,,
その他私的診療所（市外,15,0,0,0,0,0,0,0,0,0,0,0,0,0,,,,,,,
その他私的診療所（市外,15,0,0,0,0,0,0,0,0,0,0,0,0,0,,,,,,,
その他私的診療所（市外,15,0,0,0,0,0,0,0,0,0,0,0,0,0,,,,,,,
その他私的診療所（市外,15,0,0,0,0,0,0,0,0,0,0,0,0,0,,,,,,,
その他私的診療所（市外,15,0,0,0,0,0,0,0,0,0,0,0,0,0,,,,,,,
その他私的診療所（市外,15,0,0,0,0,0,0,0,0,0,0,0,0,0,,,,,,,
その他私的診療所（泉,5,0,0,0,0,0,0,0,0,0,0,0,0,0,,,,,,,
その他私的診療所（泉,5,0,0,0,0,0,0,0,0,0,0,0,0,0,,,,,,,
その他私的診療所（泉,5,0,0,0,0,0,0,0,0,0,0,0,0,0,,,,,,,
その他私的診療所（泉,5,0,0,0,0,0,0,0,0,0,0,0,0,0,,,,,,,
その他私的診療所（泉,5,0,0,0,0,0,0,0,0,0,0,0,0,0,,,,,,,
その他私的診療所（泉,5,0,0,0,0,0,0,0,0,0,0,0,0,0,,,,,,,
その他私的診療所（青葉,11,0,0,0,1,0,1,0,0,0,1,0,1,2,,,,,,,
その他私的診療所（青葉,11,0,0,0,1,0,1,0,0,0,1,0,1,2,,,,,,,
その他私的診療所（青葉,11,0,0,0,1,0,1,0,0,0,1,0,1,2,,,,,,,
その他私的診療所（青葉,11,0,0,0,1,0,1,0,0,0,1,0,1,2,,,,,,,
その他私的診療所（青葉,11,0,0,0,1,0,1,0,0,0,1,0,1,2,,,,,,,
その他私的診療所（青葉,11,0,0,0,1,0,1,0,0,0,1,0,1,2,,,,,,,
たいしどう内科クリニック,2,0,0,0,0,0,0,0,0,0,0,0,0,0,〒982-0011宮城県仙台市 太白区長町 ６丁目-４-５１ 仙台長町ビル 3階 SY,宮城県仙台市 太白区長町 ６丁目-４-５１ 仙台長町ビル 3階 SY,宮城県/仙台市/太白区/長町/六丁目/４番,140.88307,38.22396,5.0,7.0
たかさご整形クリニック（高砂二,3,0,0,0,0,0,0,0,0,0,0,0,0,0,〒983-0014 宮城県仙台市宮城野区高砂２丁目１−８ １番地８,宮城県仙台市宮城野区高砂２丁目１−８ １番地８,宮城県/仙台市/宮城野区/高砂/二丁目/１番,140.96835,38.26995,5.0,7.0
たかはし内科（東仙台二,2,0,0,0,0,0,0,0,0,0,0,0,0,0,〒983-0833 宮城県仙台市宮城野区東仙台２丁目５−３,宮城県仙台市宮城野区東仙台２丁目５−３,宮城県/仙台市/宮城野区/東仙台/二丁目/５番,140.91608,38.27623,5.0,7.0
たかやなぎこども医院（上飯田一,2,0,0,0,1,1,0,0,0,0,0,0,0,1,〒984-0838 宮城県仙台市若林区上飯田１丁目２１−１８,宮城県仙台市若林区上飯田１丁目２１−１８,宮城県/仙台市/若林区/上飯田/一丁目/２１番,140.92039,38.22113,5.0,7.0
たくまこどもクリニック（長喜城字山神,5,1,1,0,2,2,0,0,0,0,0,0,0,3,〒984-0036 宮城県仙台市若林区長喜城山神４５−６,宮城県仙台市若林区長喜城山神４５−６,宮城県/仙台市/若林区/長喜城/山神,140.93808,38.23866,5.0,6.0
たんぽぽクリニック晩翠通（二日町,1,0,0,0,0,0,0,0,0,0,0,0,0,0,〒980-0802 宮城県仙台市青葉区二日町９−２３ プラウドタワー仙台晩翠通セントラル ２階,宮城県仙台市青葉区二日町９−２３ プラウドタワー仙台晩翠通セントラル ２階,宮城県/仙台市/青葉区/二日町/９番,140.8658,38.26981,5.0,7.0
たんぽぽクリニック（泉中央南,54,0,0,0,1,0,1,0,0,0,3,1,2,4,〒981-3126 宮城県仙台市泉区泉中央南１４番地,宮城県仙台市泉区泉中央南１４番地,宮城県/仙台市/泉区/泉中央南,140.87093,38.32047,5.0,5.0
だいのはら殿塚クリニック,2,0,0,0,0,0,0,0,0,0,0,0,0,0,〒981-0911 仙台市青葉区台原2-10-2アークヒルズ台原201,仙台市青葉区台原2-10-2アークヒルズ台原201,宮城県/仙台市/青葉区/台原/二丁目/１０番,140.87151,38.28614,5.0,7.0
ちえこ・ゆきかレディースクリニック（六丁,1,0,0,0,0,0,0,0,0,0,0,0,0,0,〒984-0012 宮城県仙台市若林区六丁の目中町１−１６,宮城県仙台市若林区六丁の目中町１−１６,宮城県/仙台市/若林区/六丁の目中町/１番,140.9371,38.25145,5.0,7.0
ちばクリニック（緑ヶ丘一,1,0,0,0,0,0,0,0,0,0,0,0,0,0,〒982-0021 宮城県仙台市太白区緑ケ丘１丁目３−１９,宮城県仙台市太白区緑ケ丘１丁目３−１９,宮城県/仙台市/太白区/緑ケ丘/一丁目/３番,140.86888,38.22893,5.0,7.0
てっぽう町かず内科（鉄砲町,2,0,0,0,1,1,0,0,0,0,0,0,0,1,〒981-0867 宮城県仙台市宮城野区鉄砲町東３−１６,宮城県仙台市宮城野区鉄砲町東３−１６,宮城県/仙台市/宮城野区/鉄砲町東/３番地,140.89455,38.263,5.0,7.0
てんかんクリニック仙台駅前ベーテル（名掛,4,0,0,0,0,0,0,0,0,0,0,0,0,0,〒983-0864 宮城県仙台市宮城野区名掛丁２０５−５,宮城県仙台市宮城野区名掛丁２０５−５,宮城県/仙台市/宮城野区/名掛丁,140.88559,38.26253,5.0,5.0
とよま整形外科医院（五橋一,2,0,0,0,0,0,0,0,0,0,0,0,0,0,〒980-0022 宮城県仙台市青葉区五橋１丁目６−６ 五橋ビル １階,宮城県仙台市青葉区五橋１丁目６−６ 五橋ビル １階,宮城県/仙台市/青葉区/五橋/一丁目/６番,140.88071,38.25318,5.0,7.0
ないとうクリニック（茂庭台三,3,0,0,0,0,0,0,0,0,0,0,0,0,0,〒982-0252 宮城県仙台市太白区茂庭台３丁目３０−３０,宮城県仙台市太白区茂庭台３丁目３０−３０,宮城県/仙台市/太白区/茂庭台/三丁目/３０番,140.78931,38.23921,5.0,7.0
なかむら脳神経クリニック（新田東一,1,0,0,0,0,0,0,0,0,0,0,0,0,0,〒983-0039 宮城県仙台市宮城野区新田東１丁目８−１ 新田東メディカルビル,宮城県仙台市宮城野区新田東１丁目８−１ 新田東メディカルビル,宮城県/仙台市/宮城野区/新田東/一丁目/８番,140.93335,38.27713,5.0,7.0
なかやま医院（中山四,1,0,0,0,0,0,0,0,0,0,0,0,0,0,〒981-0952 宮城県仙台市青葉区中山４丁目１３−３６,宮城県仙台市青葉区中山４丁目１３−３６,宮城県/仙台市/青葉区/中山/四丁目/１３番,140.84114,38.29202,5.0,7.0
なないろの里クリニック,5,1,0,1,0,0,0,0,0,0,2,0,2,3,〒984-0017 宮城県仙台市若林区なないろの里１丁目１９−４ メデルなないろの里 １階,宮城県仙台市若林区なないろの里１丁目１９−４ メデルなないろの里 １階,宮城県/仙台市/若林区/なないろの里/一丁目/１９番,140.92751,38.23903,5.0,7.0
なないろ消化器・内視鏡クリニック,1,0,0,0,0,0,0,0,0,0,1,0,1,1,〒984-0017 宮城県仙台市若林区なないろの里３丁目４−１２,宮城県仙台市若林区なないろの里３丁目４−１２,宮城県/仙台市/若林区/なないろの里/三丁目/４番,140.93219,38.23833,5.0,7.0
なりかわ内科脳神経内科クリニック,5,0,0,0,0,0,0,0,0,0,0,0,0,0,〒981-3126 宮城県仙台市泉区泉中央南５−６,宮城県仙台市泉区泉中央南５−６,宮城県/仙台市/泉区/泉中央南,140.87093,38.32047,5.0,5.0
なるみ赤ちゃんこどもクリニック（富沢西）,9,0,0,0,0,0,0,0,0,0,0,0,0,0,〒982-0037 宮城県仙台市太白区富沢 西4-11-10,宮城県仙台市太白区富沢 西4-11-10,宮城県/仙台市/太白区/富沢西四丁目,140.85916,38.21174,5.0,5.0
のぐち内科クリニック,2,0,0,0,0,0,0,0,0,0,0,0,0,0,〒984-0030 宮城県仙台市若林区荒井東１丁目３−１ East Fort ２階,宮城県仙台市若林区荒井東１丁目３−１ East Fort ２階,宮城県/仙台市/若林区/荒井東/一丁目/３番,140.94942,38.24413,5.0,7.0
のだクリニック（一番町三,1,1,0,1,0,0,0,0,0,0,0,0,0,1,〒980-0811 宮城県仙台市青葉区一番町３丁目５−１６,宮城県仙台市青葉区一番町３丁目５−１６,宮城県/仙台市/青葉区/一番町/三丁目/５番,140.87253,38.26083,5.0,7.0
のろこどもクリニック（新田東一,1,0,0,0,0,0,0,0,0,0,0,0,0,0,〒983-0039 宮城県仙台市宮城野区新田東１丁目８−１ 新田東メディカルビル,宮城県仙台市宮城野区新田東１丁目８−１ 新田東メディカルビル,宮城県/仙台市/宮城野区/新田東/一丁目/８番,140.93335,38.27713,5.0,7.0
はなクリニック（荒井二,5,1,0,1,0,0,0,0,0,0,0,0,0,1,〒984-0032 宮城県仙台市若林区荒井２丁目１８−１１,宮城県仙台市若林区荒井２丁目１８−１１,宮城県/仙台市/若林区/荒井/二丁目/１８番,140.93912,38.24367,5.0,7.0
はまざきウィメンズクリニック（高砂一,2,0,0,0,0,0,0,0,0,0,0,0,0,0,〒983-0014 宮城県仙台市宮城野区高砂１丁目１−１５ 高砂関弐番館 307号,宮城県仙台市宮城野区高砂１丁目１−１５ 高砂関弐番館 307号,宮城県/仙台市/宮城野区/高砂/一丁目/１番,140.97211,38.27393,5.0,7.0
はやし内科クリニック（大和町二,3,0,0,0,0,0,0,0,0,0,0,0,0,0,〒984-0042 宮城県仙台市若林区大和町２丁目６−３ ２Ｆ,宮城県仙台市若林区大和町２丁目６−３ ２Ｆ,宮城県/仙台市/若林区/大和町/二丁目/６番,140.9151,38.24847,5.0,7.0
はんざわ内科胃腸科（南石切町,2,0,0,0,0,0,0,0,0,0,1,1,0,1,〒984-0804 宮城県仙台市若林区南石切町１４−１０,宮城県仙台市若林区南石切町１４−１０,宮城県/仙台市/若林区/南石切町/１４番地,140.8903,38.24197,5.0,7.0
はんだ整形外科クリニック（実沢字広畑,3,0,0,0,0,0,0,0,0,0,0,0,0,0,〒981-3217 宮城県仙台市泉区実沢広畑８０−１,宮城県仙台市泉区実沢広畑８０−１,宮城県/仙台市/泉区/実沢/広畑/８０番地,140.80901,38.32764,5.0,7.0
ばば内科ゆうこ整形外科クリニック（中田五,15,1,0,1,0,0,0,0,0,0,0,0,0,1,〒981-1104 宮城県仙台市太白区中田５丁目７−１６,宮城県仙台市太白区中田５丁目７−１６,宮城県/仙台市/太白区/中田/五丁目/７番,140.88661,38.19719,5.0,7.0
ひかりクリニック（鶴ヶ谷京原,1,0,0,0,0,0,0,0,0,0,0,0,0,0,〒983-0824 宮城県仙台市宮城野区鶴ケ谷京原７,宮城県仙台市宮城野区鶴ケ谷京原７,宮城県/仙台市/宮城野区/鶴ケ谷/京原/７番地,140.92168,38.30013,5.0,7.0
ひご整形外科クリニック（長町一,12,0,0,0,0,0,0,0,0,0,0,0,0,0,〒982-0011 宮城県仙台市太白区長町１丁目９−１０,宮城県仙台市太白区長町１丁目９−１０,宮城県/仙台市/太白区/長町/一丁目/９番,140.88634,38.23563,5.0,7.0
ひでゆき眼科クリニック（中央二,1,0,0,0,0,0,0,0,0,0,0,0,0,0,〒980-0021 宮城県仙台市青葉区中央２丁目４−１１ 水晶堂ビル ２F,宮城県仙台市青葉区中央２丁目４−１１ 水晶堂ビル ２F,宮城県/仙台市/青葉区/中央/二丁目/４番,140.87521,38.26134,5.0,7.0
ひろせ中央クリニック（落合二丁目,16,2,1,1,0,0,0,0,0,0,1,0,1,3,〒989-3126 宮城県仙台市青葉区落合２丁目４−１２,宮城県仙台市青葉区落合２丁目４−１２,宮城県/仙台市/青葉区/落合/二丁目/４番,140.79454,38.27251,5.0,7.0
ひろせ内科（愛子東一,1,0,0,0,0,0,0,0,0,0,1,0,1,1,〒989-3127 宮城県仙台市青葉区愛子東１丁目８−８,宮城県仙台市青葉区愛子東１丁目８−８,宮城県/仙台市/青葉区/愛子東/一丁目/８番,140.77861,38.27193,5.0,7.0
ふくじゅ草クリニック（八幡三,2,0,0,0,0,0,0,0,0,0,0,0,0,0,〒980-0871 宮城県仙台市青葉区八幡３丁目１−５０,宮城県仙台市青葉区八幡３丁目１−５０,宮城県/仙台市/青葉区/八幡/三丁目/１番,140.84959,38.26923,5.0,7.0
ほし外科医院（南光台南三,3,0,0,0,0,0,0,0,0,0,0,0,0,0,〒981-8002 宮城県仙台市泉区南光台南３丁目４−１０,宮城県仙台市泉区南光台南３丁目４−１０,宮城県/仙台市/泉区/南光台南/三丁目/４番,140.90742,38.29622,5.0,7.0
まきこ内科クリニック（あすと長町一,2,1,0,1,0,0,0,0,0,0,0,0,0,1,〒982-0007 宮城県仙台市太白区あすと長町１丁目２−１ 仙台長町メディカルプラザ２Ｆ,宮城県仙台市太白区あすと長町１丁目２−１ 仙台長町メディカルプラザ２Ｆ,宮城県/仙台市/太白区/あすと長町/一丁目/２番,140.88768,38.23102,5.0,7.0
まひと内科クリニック（高砂一,2,0,0,0,0,0,0,0,0,0,0,0,0,0,〒983-0014 宮城県仙台市宮城野区高砂１丁目２４−３９,宮城県仙台市宮城野区高砂１丁目２４−３９,宮城県/仙台市/宮城野区/高砂/一丁目/２４番,140.97385,38.27066,5.0,7.0
まんてん堂こどもクリニック（新田東三,1,0,0,0,0,0,0,0,0,0,0,0,0,0,〒983-0039 宮城県仙台市宮城野区新田東３丁目２−７,宮城県仙台市宮城野区新田東３丁目２−７,宮城県/仙台市/宮城野区/新田東/三丁目/２番,140.93759,38.27518,5.0,7.0
みうら医院（東中田二,3,0,0,0,0,0,0,0,0,0,0,0,0,0,〒981-1107 宮城県仙台市太白区東中田２丁目２７−２６,宮城県仙台市太白区東中田２丁目２７−２６,宮城県/仙台市/太白区/東中田/二丁目/２７番,140.89989,38.20131,5.0,7.0
みなとクリニック（蒲生字耳取,1,0,0,0,0,0,0,0,0,0,0,0,0,0,〒983-0013 宮城県仙台市宮城野区中野５丁目,宮城県仙台市宮城野区中野５丁目,宮城県/仙台市/宮城野区/中野/五丁目,140.98779,38.26651,5.0,6.0
みなみ仙台皮膚科クリニック（西中田三,1,0,0,0,0,0,0,0,0,0,0,0,0,0,〒981-1105 宮城県仙台市太白区西中田３丁目２２−８,宮城県仙台市太白区西中田３丁目２２−８,宮城県/仙台市/太白区/西中田/三丁目/２２番,140.87787,38.1975,5.0,7.0
みのりファミリークリニック（長町五丁目）,2,0,0,0,0,0,0,0,0,0,0,0,0,0,〒982-0011 宮城県仙台市太白区長町５丁目９−１３,宮城県仙台市太白区長町５丁目９−１３,宮城県/仙台市/太白区/長町/五丁目/９番,140.88205,38.22715,5.0,7.0
みはるの杜診療所（福室二,2,0,0,0,0,0,0,0,0,0,0,0,0,0,〒983-0005 宮城県仙台市宮城野区福室２丁目５−２７ 清山会医療福祉グループ みはるの社診療所,宮城県仙台市宮城野区福室２丁目５−２７ 清山会医療福祉グループ みはるの社診療所,宮城県/仙台市/宮城野区/福室/二丁目/５番,140.96538,38.27215,5.0,7.0
みみはなのどクリニックもも（荒町,2,0,0,0,0,0,0,0,0,0,0,0,0,0,〒984-0073 宮城県仙台市若林区荒町１２３ １２３ビル ３F,宮城県仙台市若林区荒町１２３ １２３ビル ３F,宮城県/仙台市/若林区/荒町/１２３番地,140.88187,38.24965,5.0,7.0
みみはなのど北仙台クリニック（堤町一,1,0,0,0,0,0,0,0,0,0,0,0,0,0,〒981-0912 宮城県仙台市青葉区堤町１丁目１−２ 4F,宮城県仙台市青葉区堤町１丁目１−２ 4F,宮城県/仙台市/青葉区/堤町/一丁目/１番,140.86842,38.28284,5.0,7.0
みみはなのど富沢クリニック（富沢南二,1,0,0,0,0,0,0,0,0,0,0,0,0,0,〒982-0036 宮城県仙台市太白区富沢南２丁目１７−１４ みみはなのど富沢クリニック,宮城県仙台市太白区富沢南２丁目１７−１４ みみはなのど富沢クリニック,宮城県/仙台市/太白区/富沢南/二丁目/１７番,140.86804,38.2107,5.0,7.0
みやぎの内科クリニック（宮城野一,2,1,0,1,0,0,0,0,0,0,1,0,1,2,〒983-0045 宮城県仙台市宮城野区宮城野１丁目２１−７,宮城県仙台市宮城野区宮城野１丁目２１−７,宮城県/仙台市/宮城野区/宮城野/一丁目/２１番,140.89996,38.25648,5.0,7.0
みやぎの整形外科（田子二,2,0,0,0,0,0,0,0,0,0,0,0,0,0,〒983-0021 宮城県仙台市宮城野区田子２丁目１３−２８,宮城県仙台市宮城野区田子２丁目１３−２８,宮城県/仙台市/宮城野区/田子/二丁目/１３番,140.95804,38.27727,5.0,7.0
みやぎ台かねこ医院（みやぎ台三,2,0,0,0,0,0,0,0,0,0,0,0,0,0,〒989-3214 宮城県仙台市青葉区みやぎ台３丁目２６−８,宮城県仙台市青葉区みやぎ台３丁目２６−８,宮城県/仙台市/青葉区/みやぎ台/三丁目/２６番,140.76884,38.31141,5.0,7.0
みやぎ県南中核病院（大河原町,45,0,0,0,1,0,1,0,0,0,3,0,3,4,〒989-1253 宮城県柴田郡大河原町西３８−１,宮城県柴田郡大河原町西３８−１,宮城県/柴田郡/大河原町/西/３８番地,140.7347,38.06187,5.0,7.0
みやざきクリニック（長町七,6,0,0,0,0,0,0,0,0,0,0,0,0,0,〒982-0011 宮城県仙台市太白区長町７丁目２０−５ ララガーデン長町 メディパーク長町 4階,宮城県仙台市太白区長町７丁目２０−５ ララガーデン長町 メディパーク長町 4階,宮城県/仙台市/太白区/長町/七丁目/２０番,140.87686,38.22582,5.0,7.0
めざきクリニック（八木山南二,9,1,1,0,0,0,0,0,0,0,0,0,0,1,〒982-0807 宮城県仙台市太白区八木山南２丁目１−２８,宮城県仙台市太白区八木山南２丁目１−２８,宮城県/仙台市/太白区/八木山南/二丁目/１番,140.83749,38.23522,5.0,7.0
めときこどもクリニック（国見ヶ丘一,3,0,0,0,0,0,0,0,0,0,0,0,0,0,〒989-3201 宮城県仙台市青葉区国見ケ丘１丁目１４−４,宮城県仙台市青葉区国見ケ丘１丁目１４−４,宮城県/仙台市/青葉区/国見ケ丘/一丁目/１４番,140.83086,38.2954,5.0,7.0
やおとめ整形外科（八乙女四,1,0,0,0,0,0,0,0,0,0,0,0,0,0,〒981-3112 宮城県仙台市泉区八乙女４丁目４−１,宮城県仙台市泉区八乙女４丁目４−１,宮城県/仙台市/泉区/八乙女/四丁目/４番,140.89754,38.31018,5.0,7.0
やかた内科小児科クリニック（館三,1,0,0,0,0,0,0,0,0,0,0,0,0,0,〒981-3214 宮城県仙台市泉区館３丁目３７−１,宮城県仙台市泉区館３丁目３７−１,宮城県/仙台市/泉区/館/三丁目/３７番地,140.80074,38.32106,5.0,7.0
やすだクリニック（桜ケ丘四,1,0,0,0,0,0,0,0,0,0,0,0,0,0,〒981-0961 宮城県仙台市青葉区桜ケ丘４丁目１９−１６,宮城県仙台市青葉区桜ケ丘４丁目１９−１６,宮城県/仙台市/青葉区/桜ケ丘/四丁目/１９番,140.85223,38.30065,5.0,7.0
やべ内科クリニックおきの（沖野四,3,1,0,1,0,0,0,0,0,0,1,0,1,2,〒984-0831 宮城県仙台市若林区沖野４丁目３−２０,宮城県仙台市若林区沖野４丁目３−２０,宮城県/仙台市/若林区/沖野/四丁目/３番,140.90926,38.22355,5.0,7.0
やまだクリニック（南小泉二,1,0,0,0,0,0,0,0,0,0,0,0,0,0,〒984-0827 宮城県仙台市若林区南小泉２丁目１４−１７,宮城県仙台市若林区南小泉２丁目１４−１７,宮城県/仙台市/若林区/南小泉/二丁目/１４番,140.90657,38.2405,5.0,7.0
やまだ内科・胃腸科クリニック（新田東一,3,0,0,0,0,0,0,0,0,0,0,0,0,0,〒983-0039 宮城県仙台市宮城野区新田東１丁目８−１ 新田東メディカルビル,宮城県仙台市宮城野区新田東１丁目８−１ 新田東メディカルビル,宮城県/仙台市/宮城野区/新田東/一丁目/８番,140.93335,38.27713,5.0,7.0
やまと内科クリニック（なないろ一,10,0,0,0,1,1,0,0,0,0,0,0,0,1,〒984-0017 宮城県仙台市若林区なないろの里１丁目１５−１１,宮城県仙台市若林区なないろの里１丁目１５−１１,宮城県/仙台市/若林区/なないろの里/一丁目/１５番,140.92709,38.24042,5.0,7.0
やまもと内科クリニック（古城三,2,0,0,0,1,0,1,0,0,0,0,0,0,1,〒984-0825 宮城県仙台市若林区古城３丁目６−１１,宮城県仙台市若林区古城３丁目６−１１,宮城県/仙台市/若林区/古城/三丁目/６番,140.90781,38.23553,5.0,7.0
ゆうき婦人科産科クリニック,2,1,1,0,0,0,0,0,0,0,0,0,0,1,〒982-0007 宮城県仙台市太白区あすと長町１丁目２−１ 仙台長町メディカルプラザ 3階,宮城県仙台市太白区あすと長町１丁目２−１ 仙台長町メディカルプラザ 3階,宮城県/仙台市/太白区/あすと長町/一丁目/２番,140.88768,38.23102,5.0,7.0
ゆきクリニック（長町七,2,0,0,0,0,0,0,0,0,0,0,0,0,0,〒982-0011 宮城県仙台市太白区１９ １９ 長町7丁目19-26 リーブスメディカルビル,宮城県仙台市太白区１９ １９ 長町7丁目19-26 リーブスメディカルビル,宮城県/仙台市/太白区,140.87721,38.2244,5.0,4.0
よしだ耳鼻咽喉科（柳生一,3,0,0,0,0,0,0,0,0,0,0,0,0,0,〒981-1106 宮城県仙台市太白区柳生１丁目１２−３,宮城県仙台市太白区柳生１丁目１２−３,宮城県/仙台市/太白区/柳生/一丁目/１２番,140.87076,38.19799,5.0,7.0
りきおこどもクリニック,6,1,0,1,0,0,0,0,0,0,0,0,0,1,〒989-3126 宮城県仙台市青葉区落合６丁目10−１,宮城県仙台市青葉区落合６丁目10−１,宮城県/仙台市/青葉区/落合/六丁目/１０番,140.785,38.27095,5.0,7.0
りふの内科クリニック（利府町,1,0,0,0,0,0,0,0,0,0,0,0,0,0,〒981-0114 宮城県宮城郡利府町新中道２丁目1−２,宮城県宮城郡利府町新中道２丁目1−２,宮城県/宮城郡/利府町/新中道/二丁目,140.97601,38.32536,5.0,6.0
わたなべクリニック（長町南四,1,0,0,0,0,0,0,0,0,0,0,0,0,0,〒982-0012 宮城県仙台市太白区長町南４丁目１２−２７,宮城県仙台市太白区長町南４丁目１２−２７,宮城県/仙台市/太白区/長町南/四丁目/１２番,140.87151,38.22063,5.0,7.0
わたるクリニック（山田新町,2,0,0,0,0,0,0,0,0,0,0,0,0,0,〒982-0814 宮城県仙台市太白区山田新町７４−１,宮城県仙台市太白区山田新町７４−１,宮城県/仙台市/太白区/山田新町/７４番地,140.83452,38.21753,5.0,7.0
イムス明理会仙台総合病院（中央四,7681,100,47,53,168,46,122,14,9,5,190,40,150,472,〒980-0021 宮城県仙台市青葉区中央４丁目５−１,宮城県仙台市青葉区中央４丁目５−１,宮城県/仙台市/青葉区/中央/四丁目/５番,140.87747,38.25752,5.0,7.0
エコー療育園（芋沢字横前,1,0,0,0,0,0,0,0,0,0,0,0,0,0,〒989-3212 宮城県仙台市青葉区芋沢横前１−１,宮城県仙台市青葉区芋沢横前１−１,宮城県/仙台市/青葉区/芋沢/横前/１番地,140.75781,38.29261,5.0,7.0
エバーグリーン病院（実沢字立田屋敷,10,0,0,0,1,0,1,0,0,0,1,0,1,2,〒981-3217 宮城県仙台市泉区実沢立田屋敷１７−１,宮城県仙台市泉区実沢立田屋敷１７−１,宮城県/仙台市/泉区/実沢/立田屋敷/１７番地,140.83881,38.33401,5.0,7.0
オウクリニック（榴岡一,1,0,0,0,0,0,0,0,0,0,0,0,0,0,〒983-0852 宮城県仙台市宮城野区榴岡１丁目２−１０ エンドウビル ４階,宮城県仙台市宮城野区榴岡１丁目２−１０ エンドウビル ４階,宮城県/仙台市/宮城野区/榴岡/一丁目/２番,140.88501,38.25911,5.0,7.0
キッズクリニック田子（田子西一,1,0,0,0,0,0,0,0,0,0,0,0,0,0,〒983-0026 宮城県仙台市宮城野区田子西１丁目１０−９,宮城県仙台市宮城野区田子西１丁目１０−９,宮城県/仙台市/宮城野区/田子西/一丁目,140.95685,38.28789,5.0,6.0
クリニック・ネオ（一番町四,9,0,0,0,0,0,0,0,0,0,0,0,0,0,〒980-0811 宮城県仙台市青葉区一番町４丁目１０−１９ assess仙台一番町ビル 301,宮城県仙台市青葉区一番町４丁目１０−１９ assess仙台一番町ビル 301,宮城県/仙台市/青葉区/一番町/四丁目/１０番,140.87004,38.26557,5.0,7.0
クレアクリニック,1,0,0,0,0,0,0,0,0,0,0,0,0,0,〒980-0021 宮城県仙台市青葉区中央３丁目１−２２ EQUINIA青葉通り 6F,宮城県仙台市青葉区中央３丁目１−２２ EQUINIA青葉通り 6F,宮城県/仙台市/青葉区/中央/三丁目/１番,140.87874,38.26047,5.0,7.0
スガワラ外科医院（中倉一,1,0,0,0,0,0,0,0,0,0,0,0,0,0,〒980-0014 宮城県仙台市青葉区本町２丁目１６−１ コニシビル 1F,宮城県仙台市青葉区本町２丁目１６−１ コニシビル 1F,宮城県/仙台市/青葉区/本町/二丁目/１６番,140.87256,38.26519,5.0,7.0
スズキ記念病院（岩沼市,3,0,0,0,0,0,0,0,0,0,0,0,0,0,〒989-2427 宮城県岩沼市里の杜３丁目５−５,宮城県岩沼市里の杜３丁目５−５,宮城県/岩沼市/里の杜/三丁目/５番,140.87941,38.10909,5.0,7.0
セイントマザークリニック（支倉町,11,0,0,0,1,0,1,0,0,0,1,0,1,2,〒980-0824 宮城県仙台市青葉区支倉町１−３１ 支倉メディカルビル,宮城県仙台市青葉区支倉町１−３１ 支倉メディカルビル,宮城県/仙台市/青葉区/支倉町/１番,140.86214,38.26657,5.0,7.0
タウンクリニック　えん,1,0,0,0,0,0,0,0,0,0,0,0,0,0,〒981-3332 宮城県富谷市明石台７丁目１−５,宮城県富谷市明石台７丁目１−５,宮城県/富谷市/明石台/七丁目,140.89941,38.34797,5.0,6.0
ティーズ・レディース・クリニック（荒井三,1,0,0,0,0,0,0,0,0,0,0,0,0,0,〒984-0032 宮城県仙台市若林区荒井３丁目,宮城県仙台市若林区荒井３丁目,宮城県/仙台市/若林区/荒井/三丁目,140.94225,38.24102,5.0,6.0
ピッコリーチェパパママクリニック（大和四,2,0,0,0,1,0,1,0,0,0,0,0,0,1,〒984-0042 宮城県仙台市若林区大和町４丁目２３−２４,宮城県仙台市若林区大和町４丁目２３−２４,宮城県/仙台市/若林区/大和町/四丁目/２３番,140.91913,38.24886,5.0,7.0
プレミア歯科仙台,4,0,0,0,0,0,0,0,0,0,0,0,0,0,〒980-0811 宮城県仙台市青葉区一番町１丁目９−１ 仙台トラストタワ ３階,宮城県仙台市青葉区一番町１丁目９−１ 仙台トラストタワ ３階,宮城県/仙台市/青葉区/一番町/一丁目/９番,140.87656,38.2562,5.0,7.0
ベーテル病院（岩沼市,40,0,0,0,1,0,1,0,0,0,2,0,2,3,〒989-2455 宮城県岩沼市北長谷畑向山南２７−４,宮城県岩沼市北長谷畑向山南２７−４,宮城県/岩沼市/北長谷/畑向山南/２７番地,140.83632,38.10936,5.0,7.0
マドレクリニック（中央三,13,0,0,0,0,0,0,0,0,0,0,0,0,0,〒980-0021 宮城県仙台市青葉区中央３丁目１−２２ エキニア青葉通り2階,宮城県仙台市青葉区中央３丁目１−２２ エキニア青葉通り2階,宮城県/仙台市/青葉区/中央/三丁目/１番,140.87874,38.26047,5.0,7.0
メリーレディースクリニック（落合六,7,0,0,0,0,0,0,0,0,0,0,0,0,0,〒989-3126 宮城県仙台市青葉区落合６丁目１−４,宮城県仙台市青葉区落合６丁目１−４,宮城県/仙台市/青葉区/落合/六丁目/１番,140.78488,38.26941,5.0,7.0
一番町南診療所（北目町,2,0,0,0,0,0,0,0,0,0,0,0,0,0,〒980-0023 宮城県仙台市青葉区北目町３−９,宮城県仙台市青葉区北目町３−９,宮城県/仙台市/青葉区/北目町/３番,140.8754,38.25526,5.0,7.0
一番町堀耳鼻咽喉科医院（一番町三,1,0,0,0,0,0,0,0,0,0,0,0,0,0,〒980-0811 宮城県仙台市青葉区一番町３丁目６−１ 一番町平和ビル 5階,宮城県仙台市青葉区一番町３丁目６−１ 一番町平和ビル 5階,宮城県/仙台市/青葉区/一番町/三丁目/６番,140.87379,38.26107,5.0,7.0
七北田内科循環器内科ＣＬ（市名坂東裏,2,0,0,0,0,0,0,0,0,0,0,0,0,0,〒981-3117 宮城県仙台市泉区市名坂東裏４０−２−１,宮城県仙台市泉区市名坂東裏４０−２−１,宮城県/仙台市/泉区/市名坂/東裏/４０番地,140.89062,38.3204,5.0,7.0
七郷クリニック（荒井三,5,0,0,0,0,0,0,0,0,0,1,0,1,1,〒984-0032 宮城県仙台市若林区荒井３丁目２５−４,宮城県仙台市若林区荒井３丁目２５−４,宮城県/仙台市/若林区/荒井/三丁目/２５番,140.94461,38.24067,5.0,7.0
三好耳鼻咽喉科クリニック（泉中央一,16,0,0,0,0,0,0,0,0,0,0,0,0,0,〒981-3133 宮城県仙台市泉区泉中央１丁目３４−１ オフィス344ビル 2階,宮城県仙台市泉区泉中央１丁目３４−１ オフィス344ビル 2階,宮城県/仙台市/泉区/泉中央/一丁目/３４番,140.87697,38.32307,5.0,7.0
三浦整形外科医院（南光台四,2,0,0,0,0,0,0,0,0,0,0,0,0,0,〒981-8003 宮城県仙台市泉区南光台４丁目１３−２７,宮城県仙台市泉区南光台４丁目１３−２７,宮城県/仙台市/泉区/南光台/四丁目/１３番,140.89673,38.29846,5.0,7.0
上愛子クリニック（上愛子字街道,3,0,0,0,0,0,0,0,0,0,0,0,0,0,〒989-3124 宮城県仙台市青葉区上愛子街道７７−３,宮城県仙台市青葉区上愛子街道７７−３,宮城県/仙台市/青葉区/上愛子/街道/７７番地,140.74886,38.27329,5.0,7.0
上杉山整形外科クリニック（上杉五,7,0,0,0,0,0,0,0,0,0,0,0,0,0,〒980-0011 宮城県仙台市青葉区上杉５丁目８−４０,宮城県仙台市青葉区上杉５丁目８−４０,宮城県/仙台市/青葉区/上杉/五丁目/８番,140.87497,38.27499,5.0,7.0
上杉脳外科クリニック（上杉一,5,0,0,0,0,0,0,0,0,0,0,0,0,0,〒980-0011 宮城県仙台市青葉区上杉１丁目６−１０ 仙台北辰ビル ３F,宮城県仙台市青葉区上杉１丁目６−１０ 仙台北辰ビル ３F,宮城県/仙台市/青葉区/上杉/一丁目/６番,140.86995,38.27062,5.0,7.0
上桜木しんがい脳外（富谷町,5,0,0,0,0,0,0,0,0,0,0,0,0,0,〒981-3328 宮城県富谷市上桜木２丁目３−１４,宮城県富谷市上桜木２丁目３−１４,宮城県/富谷市/上桜木/二丁目/３番,140.88029,38.35961,5.0,7.0
中山耳鼻咽喉科（北山一,3,0,0,0,0,0,0,0,0,0,0,0,0,0,〒981-0931 宮城県仙台市青葉区北山１丁目１０−２０,宮城県仙台市青葉区北山１丁目１０−２０,宮城県/仙台市/青葉区/北山/一丁目/１０番,140.86209,38.28136,5.0,7.0
中嶋病院（大梶,6846,22,10,12,60,10,50,36,24,12,82,18,64,200,〒983-0835 宮城県仙台市宮城野区大梶１５−２７,宮城県仙台市宮城野区大梶１５−２７,宮城県/仙台市/宮城野区/大梶/１５番,140.90601,38.27243,5.0,7.0
中條整形外科（二十人町,4,0,0,0,0,0,0,0,0,0,0,0,0,0,〒983-0862 宮城県仙台市宮城野区二十人町３１０−６,宮城県仙台市宮城野区二十人町３１０−６,宮城県/仙台市/宮城野区/二十人町,140.89093,38.26236,5.0,5.0
中田公園前クリニック（東中田四,3,0,0,0,0,0,0,0,0,0,0,0,0,0,〒981-1107 宮城県仙台市太白区東中田４丁目５−５,宮城県仙台市太白区東中田４丁目５−５,宮城県/仙台市/太白区/東中田/四丁目/５番,140.90215,38.19834,5.0,7.0
中田内科胃腸科医院（中田四,5,0,0,0,0,0,0,0,0,0,0,0,0,0,〒981-1104 宮城県仙台市太白区中田４丁目１６−３,宮城県仙台市太白区中田４丁目１６−３,宮城県/仙台市/太白区/中田/四丁目/１６番,140.88826,38.19771,5.0,7.0
丸山アレルギークリニック（あすと長町四,6,0,0,0,0,0,0,0,0,0,0,0,0,0,〒982-0007 宮城県仙台市太白区あすと長町４丁目２−１０ あすとクリニックモール,宮城県仙台市太白区あすと長町４丁目２−１０ あすとクリニックモール,宮城県/仙台市/太白区/あすと長町/四丁目/２番,140.88797,38.22556,5.0,7.0
丹野皮膚科内科小児科（原町二,1,0,0,0,0,0,0,0,0,0,0,0,0,0,〒983-0841 宮城県仙台市宮城野区原町２丁目１−６９,宮城県仙台市宮城野区原町２丁目１−６９,宮城県/仙台市/宮城野区/原町/二丁目/１番,140.90158,38.26547,5.0,7.0
五十人町おおとも内科（五十人町,2,0,0,0,0,0,0,0,0,0,0,0,0,0,〒984-0812 宮城県仙台市若林区五十人町３５,宮城県仙台市若林区五十人町３５,宮城県/仙台市/若林区/五十人町/３５番地,140.89429,38.24531,5.0,7.0
五橋メンタルクリニック（五橋一,3,0,0,0,0,0,0,0,0,0,0,0,0,0,〒980-0022 宮城県仙台市青葉区五橋１丁目４−６ サンシティ五橋,宮城県仙台市青葉区五橋１丁目４−６ サンシティ五橋,宮城県/仙台市/青葉区/五橋/一丁目/４番,140.87949,38.25388,5.0,7.0
井上胃腸科内科医院（高森一,2,0,0,0,0,0,0,0,0,0,0,0,0,0,〒981-3203 宮城県仙台市泉区高森１丁目１−１９７ 井上胃腸内科,宮城県仙台市泉区高森１丁目１−１９７ 井上胃腸内科,宮城県/仙台市/泉区/高森/一丁目/１番,140.83992,38.33866,5.0,7.0
京野アートクリニック（本町一,1,0,0,0,0,0,0,0,0,0,0,0,0,0,〒980-0014 宮城県仙台市青葉区本町１丁目１−１ 大樹生命 仙台本町ビル 3F,宮城県仙台市青葉区本町１丁目１−１ 大樹生命 仙台本町ビル 3F,宮城県/仙台市/青葉区/本町/一丁目/１番,140.87982,38.26341,5.0,7.0
今野整形外科医院（南鍛冶町,11,0,0,0,0,0,0,0,0,0,0,0,0,0,〒984-0061 宮城県仙台市若林区南鍛冶町１９６,宮城県仙台市若林区南鍛冶町１９６,宮城県/仙台市/若林区/南鍛冶町/１９６番地,140.88907,38.24762,5.0,7.0
仙台すこやかクリニック（八幡二,4,0,0,0,0,0,0,0,0,0,0,0,0,0,〒980-0871 宮城県仙台市青葉区八幡２丁目４−１３,宮城県仙台市青葉区八幡２丁目４−１３,宮城県/仙台市/青葉区/八幡/二丁目/４番,140.85159,38.27059,5.0,7.0
仙台のだ眼科クリニック（柏木一,1,0,0,0,0,0,0,0,0,0,0,0,0,0,〒981-0933 宮城県仙台市青葉区柏木１丁目１−５５ 永昇 仙台のだ眼科クリニック,宮城県仙台市青葉区柏木１丁目１−５５ 永昇 仙台のだ眼科クリニック,宮城県/仙台市/青葉区/柏木/一丁目/１番,140.86703,38.2751,5.0,7.0
仙台みやぎ整形外科クリニック（郷六字舘,10,0,0,0,0,0,0,0,0,0,0,0,0,0,〒989-3121 宮城県仙台市青葉区郷六舘67−１,宮城県仙台市青葉区郷六舘67−１,宮城県/仙台市/青葉区/郷六/舘/６７番地,140.81509,38.26644,5.0,7.0
仙台やまと町脳外科クリニック（大和町二,17,0,0,0,0,0,0,0,0,0,0,0,0,0,〒984-0042 宮城県仙台市若林区大和町２丁目６−３ ２Ｆ,宮城県仙台市若林区大和町２丁目６−３ ２Ｆ,宮城県/仙台市/若林区/大和町/二丁目/６番,140.9151,38.24847,5.0,7.0
仙台オープン病院（鶴ヶ谷五,5461,69,37,32,174,73,101,0,0,0,248,96,152,491,〒983-0824 宮城県仙台市宮城野区鶴ケ谷５丁目２２−１,宮城県仙台市宮城野区鶴ケ谷５丁目２２−１,宮城県/仙台市/宮城野区/鶴ケ谷/五丁目/２２番,140.9164,38.2947,5.0,7.0
仙台クローバークリニック（あすと長町一,2,0,0,0,0,0,0,0,0,0,0,0,0,0,〒982-0007 宮城県仙台市太白区あすと長町１丁目２−１ 仙台長町メディカルプラザ,宮城県仙台市太白区あすと長町１丁目２−１ 仙台長町メディカルプラザ,宮城県/仙台市/太白区/あすと長町/一丁目/２番,140.88768,38.23102,5.0,7.0
仙台ペインクリニック（新田東三,3,0,0,0,0,0,0,0,0,0,0,0,0,0,〒983-0039 宮城県仙台市宮城野区新田東３丁目１４−１,宮城県仙台市宮城野区新田東３丁目１４−１,宮城県/仙台市/宮城野区/新田東/三丁目/１４番,140.93335,38.27291,5.0,7.0
仙台中江病院（中江一,30,0,0,0,0,0,0,0,0,0,1,0,1,1,〒980-0001 宮城県仙台市青葉区中江１丁目１０−１８,宮城県仙台市青葉区中江１丁目１０−１８,宮城県/仙台市/青葉区/中江/一丁目/１０番,140.88986,38.27413,5.0,7.0
仙台内科総合クリニック（上杉三,1,0,0,0,0,0,0,0,0,0,0,0,0,0,〒980-0011 宮城県仙台市青葉区上杉３丁目９−２５,宮城県仙台市青葉区上杉３丁目９−２５,宮城県/仙台市/青葉区/上杉/三丁目/９番,140.8755,38.27284,5.0,7.0
仙台北クリニック（八乙女中央五,3,0,0,0,1,1,0,0,0,0,0,0,0,1,〒981-3135 宮城県仙台市泉区八乙女中央５丁目１１−１１,宮城県仙台市泉区八乙女中央５丁目１１−１１,宮城県/仙台市/泉区/八乙女中央/五丁目/１１番,140.88728,38.3113,5.0,7.0
仙台北部整形外科スポーツＣＬ（大沢二,14,0,0,0,0,0,0,0,0,0,0,0,0,0,〒981-3137 宮城県仙台市泉区大沢２丁目１３−４,宮城県仙台市泉区大沢２丁目１３−４,宮城県/仙台市/泉区/大沢/二丁目/１３番,140.87738,38.35026,5.0,7.0
仙台医療センター（宮城野二,7959,38,22,16,93,47,46,3,1,2,139,54,85,273,〒983-0045 宮城県仙台市宮城野区宮城野２丁目１１−１２,宮城県仙台市宮城野区宮城野２丁目１１−１２,宮城県/仙台市/宮城野区/宮城野/二丁目/１１番,140.90239,38.25646,5.0,7.0
仙台厚生病院（堤通雨宮町,4489,17,9,8,62,28,34,0,0,0,104,38,66,183,〒981-0914 宮城県仙台市青葉区堤通雨宮町１−２０,宮城県仙台市青葉区堤通雨宮町１−２０,宮城県/仙台市/青葉区/堤通雨宮町/１番,140.87164,38.27679,5.0,7.0
仙台厚生病院（堤通雨宮町,4489,17,9,8,62,28,34,0,0,0,104,38,66,183,〒981-0914 宮城県仙台市青葉区堤通雨宮町１−２０,宮城県仙台市青葉区堤通雨宮町１−２０,宮城県/仙台市/青葉区/堤通雨宮町/１番,140.87164,38.27679,5.0,7.0
仙台厚生病院（広瀬町,2103,0,0,0,82,11,71,0,0,0,101,18,83,183,〒981-0914 宮城県仙台市青葉区堤通雨宮町１−２０,宮城県仙台市青葉区堤通雨宮町１−２０,宮城県/仙台市/青葉区/堤通雨宮町/１番,140.87164,38.27679,5.0,7.0
仙台厚生病院（広瀬町,2103,0,0,0,82,11,71,0,0,0,101,18,83,183,〒981-0914 宮城県仙台市青葉区堤通雨宮町１−２０,宮城県仙台市青葉区堤通雨宮町１−２０,宮城県/仙台市/青葉区/堤通雨宮町/１番,140.87164,38.27679,5.0,7.0
仙台富沢病院（富沢西四丁目,3,0,0,0,0,0,0,0,0,0,0,0,0,0,〒982-0037 宮城県仙台市太白区富沢西４丁目13ー2,宮城県仙台市太白区富沢西４丁目13ー2,宮城県/仙台市/太白区/富沢西四丁目,140.85916,38.21174,5.0,5.0
仙台市北部急患診療所（堤町一,61,0,0,0,8,2,6,0,0,0,6,2,4,14,〒981-0912 宮城県仙台市青葉区堤町１丁目１−２ エムズ北仙台 ２F,宮城県仙台市青葉区堤町１丁目１−２ エムズ北仙台 ２F,宮城県/仙台市/青葉区/堤町/一丁目/１番,140.86842,38.28284,5.0,7.0
仙台市夜間休日こども急病診療所（あすと長,402,4,1,3,45,25,20,0,0,0,23,16,7,72,〒982-0007 宮城県仙台市太白区あすと長町１丁目１−１,宮城県仙台市太白区あすと長町１丁目１−１,宮城県/仙台市/太白区/あすと長町/一丁目/１番,140.88875,38.23203,5.0,7.0
仙台市急患センター（舟丁,191,1,0,1,17,3,14,0,0,0,15,2,13,33,〒984-0806 宮城県仙台市若林区舟丁６４−１２,宮城県仙台市若林区舟丁６４−１２,宮城県/仙台市/若林区/舟丁/６４番地,140.88702,38.24205,5.0,7.0
仙台市立病院（あすと長町一,10846,51,26,25,215,135,80,9,6,3,217,104,113,492,〒982-8502 宮城県仙台市太白区あすと長町１丁目１−１,宮城県仙台市太白区あすと長町１丁目１−１,宮城県/仙台市/太白区/あすと長町/一丁目/１番,140.88875,38.23203,5.0,7.0
仙台循環器病センター（泉中央一,1642,24,13,11,49,14,35,0,0,0,58,4,54,131,〒981-3133 宮城県仙台市泉区泉中央１丁目６−１２,宮城県仙台市泉区泉中央１丁目６−１２,宮城県/仙台市/泉区/泉中央/一丁目/６番,140.88098,38.32465,5.0,7.0
仙台徳洲会病院（高玉町,7678,66,44,22,170,97,73,15,14,1,218,107,111,469,〒981-3116 宮城県仙台市泉区高玉町９−８,宮城県仙台市泉区高玉町９−８,宮城県/仙台市/泉区/高玉町/９番,140.89357,38.31712,5.0,7.0
仙台整形外科病院（伊在三,87,0,0,0,0,0,0,0,0,0,0,0,0,0,〒984-0038 宮城県仙台市若林区伊在３丁目５−３,宮城県仙台市若林区伊在３丁目５−３,宮城県/仙台市/若林区/伊在/三丁目/５番,140.94225,38.24839,5.0,7.0
仙台星陵クリニック・放射線科（木町通二,9,0,0,0,0,0,0,0,0,0,0,0,0,0,〒980-0801 宮城県仙台市青葉区木町通２丁目４−４５,宮城県仙台市青葉区木町通２丁目４−４５,宮城県/仙台市/青葉区/木町通/二丁目/４番,140.86334,38.27328,5.0,7.0
仙台本町メンタルクリニック（本町二,1,0,0,0,0,0,0,0,0,0,0,0,0,0,〒980-0014 宮城県仙台市青葉区本町２丁目９−７ 仙台ＹＦビル,宮城県仙台市青葉区本町２丁目９−７ 仙台ＹＦビル,宮城県/仙台市/青葉区/本町/二丁目/９番,140.87616,38.2643,5.0,7.0
仙台東脳神経外科（岩切一,1704,2,0,2,6,2,4,2,0,2,10,3,7,20,〒983-0821 宮城県仙台市宮城野区岩切１丁目１２−１,宮城県仙台市宮城野区岩切１丁目１２−１,宮城県/仙台市/宮城野区/岩切/一丁目/１２番,140.93629,38.29122,5.0,7.0
仙台柳生クリニック（柳生七,21,1,0,1,0,0,0,0,0,0,0,0,0,1,〒981-1106 宮城県仙台市太白区柳生７丁目１６−１,宮城県仙台市太白区柳生７丁目１６−１,宮城県/仙台市/太白区/柳生/七丁目/１６番,140.86964,38.19802,5.0,7.0
仙台森ビル内科クリニック（榴岡四,1,0,0,0,1,1,0,0,0,0,1,1,0,2,〒983-0852 宮城県仙台市宮城野区榴岡４丁目２−３ 仙台MTビル 2階,宮城県仙台市宮城野区榴岡４丁目２−３ 仙台MTビル 2階,宮城県/仙台市/宮城野区/榴岡/四丁目/２番,140.88802,38.25916,5.0,7.0
仙台消化器・内視鏡内科クリニック,3,0,0,0,0,0,0,0,0,0,0,0,0,0,〒983-0852 宮城県仙台市宮城野区榴岡１丁目２−１３ ヨドバシ仙台第2ビル 4階 ,宮城県仙台市宮城野区榴岡１丁目２−１３ ヨドバシ仙台第2ビル 4階,宮城県/仙台市/宮城野区/榴岡/一丁目/２番,140.88501,38.25911,5.0,7.0
仙台消化器・内視鏡内科クリニック　長町院,2,0,0,0,0,0,0,0,0,0,0,0,0,0,〒982-0007 宮城県仙台市太白区あすと長町１丁目5番40号,宮城県仙台市太白区あすと長町１丁目5番40号,宮城県/仙台市/太白区/あすと長町/一丁目/５番,140.88707,38.22792,5.0,7.0
仙台胃腸クリニック（上谷刈二,1,0,0,0,0,0,0,0,0,0,0,0,0,0,〒981-3121 宮城県仙台市泉区上谷刈２丁目４−３０,宮城県仙台市泉区上谷刈２丁目４−３０,宮城県/仙台市/泉区/上谷刈/二丁目/４番,140.87199,38.31653,5.0,7.0
仙台脳とこころのクリニック（古内字新坂上,2,1,0,1,0,0,0,0,0,0,0,0,0,1,〒981-3123 宮城県仙台市泉区古内新坂の上３０−１,宮城県仙台市泉区古内新坂の上３０−１,宮城県/仙台市/泉区/古内/新坂の上/３０番地,140.84398,38.31999,5.0,7.0
仙台脳外科クリニック泉中央（泉中央一,4,0,0,0,0,0,0,0,0,0,0,0,0,0,〒981-3133 宮城県仙台市泉区泉中央１丁目３９−２,宮城県仙台市泉区泉中央１丁目３９−２,宮城県/仙台市/泉区/泉中央/一丁目/３９番,140.87486,38.32433,5.0,7.0
仙台腎泌尿器科（南吉成三,8,0,0,0,0,0,0,0,0,0,0,0,0,0,〒989-3204 宮城県仙台市青葉区南吉成３丁目１−３２,宮城県仙台市青葉区南吉成３丁目１−３２,宮城県/仙台市/青葉区/南吉成/三丁目/１番,140.81645,38.28615,5.0,7.0
仙台花京院クリニック（花京院二丁目,2,0,0,0,0,0,0,0,0,0,0,0,0,0,〒980-0013 宮城県仙台市青葉区花京院２丁目２−１１ 区画B,宮城県仙台市青葉区花京院２丁目２−１１ 区画B,宮城県/仙台市/青葉区/花京院/二丁目/２番,140.88173,38.26691,5.0,7.0
仙台赤十字病院（八木山本町二,4569,118,89,29,171,79,92,4,1,3,248,104,144,541,〒982-0801 宮城県仙台市太白区八木山本町２丁目４３−３,宮城県仙台市太白区八木山本町２丁目４３−３,宮城県/仙台市/太白区/八木山本町/二丁目/４３番,140.84006,38.23639,5.0,7.0
仙台透析クリニック（鈎取本町一,3,0,0,0,0,0,0,0,0,0,1,0,1,1,〒982-0805 宮城県仙台市太白区鈎取本町１丁目２４−１０,宮城県仙台市太白区鈎取本町１丁目２４−１０,宮城県/仙台市/太白区/鈎取本町/一丁目/２４番,140.83617,38.21951,5.0,7.0
仙台錦町診療所（上杉三,1,0,0,0,0,0,0,0,0,0,0,0,0,0,〒980-0011 宮城県仙台市青葉区上杉３丁目２−２８,宮城県仙台市青葉区上杉３丁目２−２８,宮城県/仙台市/青葉区/上杉/三丁目/２番,140.87663,38.27073,5.0,7.0
仙台頭痛脳神経クリニック（大野田五,9,0,0,0,0,0,0,0,0,0,0,0,0,0,〒982-0014 宮城県仙台市太白区大野田５丁目３８−２,宮城県仙台市太白区大野田５丁目３８−２,宮城県/仙台市/太白区/大野田/五丁目,140.8752,38.21676,5.0,6.0
仙台駅スマートクリニック（中央一丁目,1,0,0,0,0,0,0,0,0,0,0,0,0,0,〒980-0021 宮城県仙台市青葉区中央１丁目１−１,宮城県仙台市青葉区中央１丁目１−１,宮城県/仙台市/青葉区/中央/一丁目/１番,140.8817,38.26034,5.0,7.0
仙台駅東クリニック（榴岡二,1,0,0,0,0,0,0,0,0,0,0,0,0,0,〒983-0852 宮城県仙台市宮城野区榴岡２丁目１−１２ ＫＩ小田急ビル ３階,宮城県仙台市宮城野区榴岡２丁目１−１２ ＫＩ小田急ビル ３階,宮城県/仙台市/宮城野区/榴岡/二丁目/１番地,140.88419,38.26107,5.0,7.0
仙台高砂駅前メンタルクリニック,3,0,0,0,0,0,0,0,0,0,0,0,0,0,〒983-0014 宮城県仙台市宮城野区高砂１丁目１５４−１１,宮城県仙台市宮城野区高砂１丁目１５４−１１,宮城県/仙台市/宮城野区/高砂/一丁目/１５４番地,140.96863,38.27253,5.0,7.0
仙台ＡＲＴクリニック（名掛丁,1,0,0,0,0,0,0,0,0,0,0,0,0,0,"〒983-0864 宮城県仙台市宮城野区, 宮城野区名掛丁２０６−１３","宮城県仙台市宮城野区, 宮城野区名掛丁２０６−１３",宮城県/仙台市/宮城野区,140.90984,38.26619,5.0,4.0
仙塩利府病院（利府町,33,0,0,0,2,0,2,0,0,0,1,0,1,3,〒981-0133 宮城県宮城郡利府町青葉台２丁目２−１０８,宮城県宮城郡利府町青葉台２丁目２−１０８,宮城県/宮城郡/利府町/青葉台/二丁目/２番地,140.96458,38.33958,5.0,7.0
仙塩総合病院（多賀城市,15,1,0,1,0,0,0,0,0,0,0,0,0,1,〒985-0842 宮城県多賀城市桜木２丁目１−１,宮城県多賀城市桜木２丁目１−１,宮城県/多賀城市/桜木/二丁目/１番,141.01527,38.29176,5.0,7.0
仙石病院（東松島市,1,0,0,0,0,0,0,0,0,0,0,0,0,0,〒981-0501 宮城県東松島市赤井台５３−７,宮城県東松島市赤井台５３−７,宮城県/東松島市/赤井/台/５３番地,141.25826,38.43224,5.0,7.0
伊東クリニック（一本杉町,1,0,0,0,0,0,0,0,0,0,0,0,0,0,〒984-0828 宮城県仙台市若林区一本杉町１８−１０,宮城県仙台市若林区一本杉町１８−１０,宮城県/仙台市/若林区/一本杉町/１８番,140.90411,38.24474,5.0,7.0
伊藤クリニック（南光台南二,4,0,0,0,0,0,0,0,0,0,0,0,0,0,〒981-8002 宮城県仙台市泉区南光台南２丁目４−２２,宮城県仙台市泉区南光台南２丁目４−２２,宮城県/仙台市/泉区/南光台南/二丁目/４番,140.90407,38.29633,5.0,7.0
伊藤病院（二日町）,837,0,0,0,3,1,2,7,2,5,4,2,2,14,〒980-0802 宮城県仙台市青葉区二日町８−８,宮城県仙台市青葉区二日町８−８,宮城県/仙台市/青葉区/二日町/８番,140.86691,38.26973,5.0,7.0
会川クリニック内科呼吸器科（北山一,2,0,0,0,0,0,0,0,0,0,0,0,0,0,〒981-0931 宮城県仙台市青葉区北山１丁目４−１２,宮城県仙台市青葉区北山１丁目４−１２,宮城県/仙台市/青葉区/北山/一丁目/４番,140.85791,38.28083,5.0,7.0
住吉台耳鼻咽喉科（住吉台東三,3,0,0,0,0,0,0,0,0,0,0,0,0,0,〒981-3222 宮城県仙台市泉区住吉台東３丁目２−１,宮城県仙台市泉区住吉台東３丁目２−１,宮城県/仙台市/泉区/住吉台東/三丁目/２番,140.78442,38.33176,5.0,7.0
佐々木悦子婦人科クリニック（鹿野本町,4,0,0,0,0,0,0,0,0,0,0,0,0,0,〒982-0022 宮城県仙台市太白区鹿野本町１１−２１ ネオシティー鹿野,宮城県仙台市太白区鹿野本町１１−２１ ネオシティー鹿野,宮城県/仙台市/太白区/鹿野本町/１１番,140.87177,38.23159,5.0,7.0
佐々木整形外科麻酔科クリニック（北山一,13,0,0,0,0,0,0,1,1,0,0,0,0,1,〒981-0931 宮城県仙台市青葉区北山１丁目４−８,宮城県仙台市青葉区北山１丁目４−８,宮城県/仙台市/青葉区/北山/一丁目/４番,140.85791,38.28083,5.0,7.0
佐治外科循環器科医院（鶴が丘一,2,0,0,0,1,1,0,0,0,0,1,1,0,2,〒981-3109 宮城県仙台市泉区鶴が丘１丁目１−３８−２,宮城県仙台市泉区鶴が丘１丁目１−３８−２,宮城県/仙台市/泉区/鶴が丘/一丁目/１番,140.92505,38.3167,5.0,7.0
佐竹内科小児科医院（南光台五,1,1,1,0,0,0,0,0,0,0,0,0,0,1,〒981-8003 宮城県仙台市泉区南光台５丁目２８−３,宮城県仙台市泉区南光台５丁目２８−３,宮城県/仙台市/泉区/南光台/五丁目/２８番,140.89632,38.30546,5.0,7.0
佐藤ひでつぐ整形外科クリニック（長町八,24,0,0,0,0,0,0,0,0,0,0,0,0,0,〒982-0011 宮城県仙台市太白区長町８丁目１−１,宮城県仙台市太白区長町８丁目１−１,宮城県/仙台市/太白区/長町/八丁目/１番,140.87933,38.23368,5.0,7.0
佐藤内科クリニック（蒲町,7,0,0,0,0,0,0,0,0,0,0,0,0,0,〒984-0037 宮城県仙台市若林区蒲町２７−２１,宮城県仙台市若林区蒲町２７−２１,宮城県/仙台市/若林区/蒲町/２７番,140.92825,38.24433,5.0,7.0
佐藤内科・外科クリニック（柳生四,1,0,0,0,0,0,0,0,0,0,0,0,0,0,〒981-1106 宮城県仙台市太白区柳生４丁目１４−３,宮城県仙台市太白区柳生４丁目１４−３,,,,,
佐藤玄徳内科クリニック（本町一,2,0,0,0,0,0,0,0,0,0,0,0,0,0,〒980-0014 宮城県仙台市青葉区本町１丁目１３−３２ オーロラビル １Ｆ,宮城県仙台市青葉区本町１丁目１３−３２ オーロラビル １Ｆ,宮城県/仙台市/青葉区/本町/一丁目/１３番,140.8788,38.26728,5.0,7.0
佐藤病院（上杉二,411,17,14,3,24,3,21,0,0,0,23,5,18,64,〒980-0011 宮城県仙台市青葉区上杉２丁目３−１７,宮城県仙台市青葉区上杉２丁目３−１７,宮城県/仙台市/青葉区/上杉/二丁目/３番,140.86964,38.27292,5.0,7.0
佐藤茂内科医院（中山八,1,0,0,0,0,0,0,0,0,0,0,0,0,0,〒981-0952 宮城県仙台市青葉区中山８丁目２３−２,宮城県仙台市青葉区中山８丁目２３−２,宮城県/仙台市/青葉区/中山/八丁目/２３番,140.8318,38.29834,5.0,7.0
修楽会宮城島整形外科（西中田四,1,0,0,0,0,0,0,0,0,0,0,0,0,0,〒981-1105 宮城県仙台市太白区西中田４丁目１４−２０,宮城県仙台市太白区西中田４丁目１４−２０,宮城県/仙台市/太白区/西中田/四丁目/１４番,140.8813,38.19502,5.0,7.0
光ヶ丘スペルマン病院（東仙台六,101,1,0,1,4,1,3,0,0,0,8,0,8,13,〒983-0833 宮城県仙台市宮城野区東仙台６丁目７−１,宮城県仙台市宮城野区東仙台６丁目７−１,宮城県/仙台市/宮城野区/東仙台/六丁目/７番,140.91119,38.27923,5.0,7.0
八乙女レディースクリニック（上谷刈一,3,0,0,0,0,0,0,0,0,0,0,0,0,0,〒981-3121 宮城県仙台市泉区上谷刈１丁目７−３３,宮城県仙台市泉区上谷刈１丁目７−３３,宮城県/仙台市/泉区/上谷刈/一丁目/７番,140.87389,38.31633,5.0,7.0
八乙女駅前内科小児科ＣＬ（八乙女中央一,1,1,1,0,0,0,0,0,0,0,0,0,0,1,〒981-3135 宮城県仙台市泉区八乙女中央１丁目３−２６ 八乙女駅前内科小児科クリニック,宮城県仙台市泉区八乙女中央１丁目３−２６ 八乙女駅前内科小児科クリニック,宮城県/仙台市/泉区/八乙女中央/一丁目/３番,140.88385,38.31226,5.0,7.0
八木山すずきクリニック（八木山本町一,1,0,0,0,0,0,0,0,0,0,0,0,0,0,〒982-0801 宮城県仙台市太白区八木山本町１丁目２１−１７,宮城県仙台市太白区八木山本町１丁目２１−１７,宮城県/仙台市/太白区/八木山本町/一丁目/２１番,140.84685,38.24121,5.0,7.0
八木山内科クリニック（八木山本町一,1,0,0,0,0,0,0,0,0,0,0,0,0,0,〒982-0801 宮城県仙台市太白区八木山本町１丁目１３−６ 動物公園前医療モール,宮城県仙台市太白区八木山本町１丁目１３−６ 動物公園前医療モール,宮城県/仙台市/太白区/八木山本町/一丁目/１３番,140.84676,38.24438,5.0,7.0
八木山整形外科クリニック（八木山本町一,10,0,0,0,0,0,0,0,0,0,0,0,0,0,〒982-0801 宮城県仙台市太白区八木山本町１丁目１３−６ 動物公園前医療モール,宮城県仙台市太白区八木山本町１丁目１３−６ 動物公園前医療モール,宮城県/仙台市/太白区/八木山本町/一丁目/１３番,140.84676,38.24438,5.0,7.0
公立刈田綜合病院（白石市,6,0,0,0,1,0,1,0,0,0,1,0,1,2,〒989-0231 宮城県白石市福岡蔵本下原沖３６,宮城県白石市福岡蔵本下原沖３６,宮城県/白石市/福岡蔵本/下原沖/３６番地,140.60997,38.01176,5.0,7.0
公立黒川病院（大和町,18,0,0,0,3,1,2,0,0,0,5,3,2,8,〒981-3682 宮城県黒川郡大和町吉岡西桧木６０,宮城県黒川郡大和町吉岡西桧木６０,宮城県/黒川郡/大和町/吉岡/西桧木/６０番地,140.88943,38.4376,5.0,7.0
内科漆山医院（木町通一,1,0,0,0,0,0,0,0,0,0,0,0,0,0,〒980-0801 宮城県仙台市青葉区木町通１丁目４−２０,宮城県仙台市青葉区木町通１丁目４−２０,宮城県/仙台市/青葉区/木町通/一丁目/４番,140.86282,38.26924,5.0,7.0
利府掖済会病院（利府町,12,0,0,0,1,0,1,0,0,0,1,0,1,2,〒981-0103 宮城県宮城郡利府町森郷新太子堂５１,宮城県宮城郡利府町森郷新太子堂５１,宮城県/宮城郡/利府町/森郷/新太子堂/５１番地,140.98802,38.33562,5.0,7.0
加茂耳鼻咽喉科（上谷刈字赤坂,3,0,0,0,0,0,0,0,0,0,0,0,0,0,〒981-3121 宮城県仙台市泉区上谷刈赤坂６−８７,宮城県仙台市泉区上谷刈赤坂６−８７,宮城県/仙台市/泉区/上谷刈/赤坂/６番地,140.85283,38.31007,5.0,7.0
加藤内科医院（宮千代一,1,0,0,0,0,0,0,0,0,0,0,0,0,0,〒983-0044 宮城県仙台市宮城野区宮千代１丁目２−９,宮城県仙台市宮城野区宮千代１丁目２−９,宮城県/仙台市/宮城野区/宮千代/一丁目/２番,140.91077,38.25293,5.0,7.0
勾当台はやさか内科ＣＬ（国分町三,2,0,0,0,0,0,0,0,0,0,0,0,0,0,〒980-0803 宮城県仙台市青葉区国分町３丁目６−１,宮城県仙台市青葉区国分町３丁目６−１,宮城県/仙台市/青葉区/国分町/三丁目/６番,140.86913,38.26683,5.0,7.0
北中山クリニック（北中山二,2,0,0,0,0,0,0,0,0,0,0,0,0,0,〒981-3215 宮城県仙台市泉区北中山２丁目１−２４,宮城県仙台市泉区北中山２丁目１−２４,宮城県/仙台市/泉区/北中山/二丁目/１番,140.81807,38.31727,5.0,7.0
北中山皮膚科（北中山二,1,0,0,0,0,0,0,0,0,0,0,0,0,0,〒981-3215 宮城県仙台市泉区北中山２丁目３２−５,宮城県仙台市泉区北中山２丁目３２−５,宮城県/仙台市/泉区/北中山/二丁目/３２番,140.8163,38.31681,5.0,7.0
北仙台診療所（通町二,5,0,0,0,0,0,0,0,0,0,1,0,1,1,〒981-0915 宮城県仙台市青葉区通町２丁目５−６,宮城県仙台市青葉区通町２丁目５−６,宮城県/仙台市/青葉区/通町/二丁目/５番,140.86723,38.27972,5.0,7.0
北原整形外科（南光台南二,7,0,0,0,0,0,0,0,0,0,0,0,0,0,〒981-8002 宮城県仙台市泉区南光台南２丁目１６−２４,宮城県仙台市泉区南光台南２丁目１６−２４,宮城県/仙台市/泉区/南光台南/二丁目/１６番,140.90334,38.29473,5.0,7.0
北川医院（中央三,1,0,0,0,0,0,0,0,0,0,0,0,0,0,〒980-0021 宮城県仙台市青葉区中央３丁目８−２０,宮城県仙台市青葉区中央３丁目８−２０,宮城県/仙台市/青葉区/中央/三丁目/８番,140.87825,38.2589,5.0,7.0
千田内科小児科医院（荒巻神明町,1,0,0,0,0,0,0,0,0,0,0,0,0,0,〒981-0965 宮城県仙台市青葉区荒巻神明町１９−９,宮城県仙台市青葉区荒巻神明町１９−９,宮城県/仙台市/青葉区/荒巻神明町/１９番,140.85852,38.28893,5.0,7.0
千葉クリニック（三条町,9,0,0,0,0,0,0,0,0,0,0,0,0,0,〒981-0935 宮城県仙台市青葉区三条町１１−２６,宮城県仙台市青葉区三条町１１−２６,宮城県/仙台市/青葉区/三条町/１１番,140.85287,38.28152,5.0,7.0
千葉内科クリニック（栄二,2,0,0,0,0,0,0,0,0,0,0,0,0,0,〒983-0011 宮城県仙台市宮城野区栄２丁目２５−７,宮城県仙台市宮城野区栄２丁目２５−７,宮城県/仙台市/宮城野区/栄/二丁目/２５番,140.98184,38.28085,5.0,7.0
南中山内科クリニック（南中山三,2,0,0,0,0,0,0,0,0,0,0,0,0,0,〒981-3213 宮城県仙台市泉区南中山３丁目１６−４,宮城県仙台市泉区南中山３丁目１６−４,宮城県/仙台市/泉区/南中山/三丁目/１６番,140.82541,38.30992,5.0,7.0
南光台やまもと小児科（南光台三,5,1,0,1,0,0,0,0,0,0,0,0,0,1,〒981-8003 宮城県仙台市泉区南光台３丁目１７−２３,宮城県仙台市泉区南光台３丁目１７−２３,宮城県/仙台市/泉区/南光台/三丁目/１７番,140.89265,38.29557,5.0,7.0
南吉成しまむら整形外科（南吉成三,3,0,0,0,0,0,0,0,0,0,0,0,0,0,〒989-3204 宮城県仙台市青葉区南吉成３丁目１−２３ メディカルスクエア 2F,宮城県仙台市青葉区南吉成３丁目１−２３ メディカルスクエア 2F,宮城県/仙台市/青葉区/南吉成/三丁目/１番,140.81645,38.28615,5.0,7.0
南吉成クリニック（南吉成三,1,0,0,0,0,0,0,0,0,0,0,0,0,0,〒989-3204 宮城県仙台市青葉区南吉成３丁目９−５,宮城県仙台市青葉区南吉成３丁目９−５,宮城県/仙台市/青葉区/南吉成/三丁目/９番,140.81668,38.28894,5.0,7.0
南吉成耳鼻咽喉科（南吉成三,2,0,0,0,0,0,0,0,0,0,1,0,1,1,〒989-3204 宮城県仙台市青葉区南吉成３丁目１−２３ メディカルスクエア南吉成 2F,宮城県仙台市青葉区南吉成３丁目１−２３ メディカルスクエア南吉成 2F,宮城県/仙台市/青葉区/南吉成/三丁目/１番,140.81645,38.28615,5.0,7.0
南大野田こいけクリニック（南大野田,3,1,0,1,0,0,0,0,0,0,0,0,0,1,〒982-0015 宮城県仙台市太白区南大野田１０−４,宮城県仙台市太白区南大野田１０−４,宮城県/仙台市/太白区/南大野田/１０番,140.87184,38.21071,5.0,7.0
南東北病院（岩沼市,153,0,0,0,6,1,5,0,0,0,7,0,7,13,〒989-2427 宮城県岩沼市里の杜１丁目２−５,宮城県岩沼市里の杜１丁目２−５,宮城県/岩沼市/里の杜/一丁目/２番,140.87674,38.1086,5.0,7.0
卸町えきまえクリニック,4,0,0,0,0,0,0,0,0,0,0,0,0,0,〒984-0042 宮城県仙台市若林区大和町４丁目１９−２２ サンデー仙台卸町店 ２階,宮城県仙台市若林区大和町４丁目１９−２２ サンデー仙台卸町店 ２階,宮城県/仙台市/若林区/大和町/四丁目/１９番,140.91992,38.25072,5.0,7.0
原クリニック（昭和町,41,0,0,0,0,0,0,0,0,0,0,0,0,0,〒981-0913 宮城県仙台市青葉区昭和町２−２５,宮城県仙台市青葉区昭和町２−２５,宮城県/仙台市/青葉区/昭和町/２番,140.86922,38.27925,5.0,7.0
古川星陵病院（大崎市古川,3,0,0,0,1,0,1,0,0,0,1,0,1,2,〒989-6155 宮城県大崎市古川南町３丁目１−３−５,宮城県大崎市古川南町３丁目１−３−５,宮城県/大崎市/古川南町/三丁目/１番,140.95398,38.57022,5.0,7.0
古川民主病院（大崎市古川,1,0,0,0,1,0,1,0,0,0,1,0,1,2,〒989-6115 宮城県大崎市古川駅東２丁目１１−１４,宮城県大崎市古川駅東２丁目１１−１４,宮城県/大崎市/古川駅東/二丁目/１１番,140.97404,38.57326,5.0,7.0
台原まことクリニック（台原五,1,0,0,0,0,0,0,0,0,0,0,0,0,0,〒981-0911 宮城県仙台市青葉区台原５丁目１−５４,宮城県仙台市青葉区台原５丁目１−５４,宮城県/仙台市/青葉区/台原/五丁目/１番,140.8775,38.28292,5.0,7.0
台原内科クリニック（台原一,10,0,0,0,0,0,0,0,0,0,0,0,0,0,〒981-0911 宮城県仙台市青葉区台原１丁目７−２８,宮城県仙台市青葉区台原１丁目７−２８,宮城県/仙台市/青葉区/台原/一丁目/７番,140.873,38.2822,5.0,7.0
台原整形外科（台原五,11,0,0,0,0,0,0,0,0,0,0,0,0,0,〒981-0911 宮城県仙台市青葉区台原５丁目１−１９ 台原整形外科,宮城県仙台市青葉区台原５丁目１−１９ 台原整形外科,宮城県/仙台市/青葉区/台原/五丁目/１番,140.8775,38.28292,5.0,7.0
台原駅前耳鼻いんこう科（台原三,5,0,0,0,0,0,0,0,0,0,0,0,0,0,〒981-0911 宮城県仙台市青葉区台原３丁目２９−３５,宮城県仙台市青葉区台原３丁目２９−３５,宮城県/仙台市/青葉区/台原/三丁目/２９番,140.87704,38.28802,5.0,7.0
台原高柳病院（台原六,59,1,0,1,1,0,1,0,0,0,0,0,0,2,〒981-0911 宮城県仙台市青葉区台原６丁目３−３３,宮城県仙台市青葉区台原６丁目３−３３,宮城県/仙台市/青葉区/台原/六丁目/３番,140.87708,38.28091,5.0,7.0
吉岡まほろばクリニック（黒川郡,2,0,0,0,0,0,0,0,0,0,0,0,0,0,〒981-3632 宮城県黒川郡大和町吉岡１丁目５−４ まほろば,宮城県黒川郡大和町吉岡１丁目５−４ まほろば,宮城県/黒川郡/大和町/吉岡,140.88846,38.44323,5.0,5.0
吉成台内科胃腸科（吉成台一,3,0,0,0,0,0,0,0,0,0,0,0,0,0,〒989-3206 宮城県仙台市青葉区吉成台１丁目２−５,宮城県仙台市青葉区吉成台１丁目２−５,宮城県/仙台市/青葉区/吉成台/一丁目/２番,140.82338,38.29359,5.0,7.0
名取中央クリニック（名取市,1,0,0,0,0,0,0,0,0,0,0,0,0,0,〒981-1224 宮城県名取市増田柳田８,宮城県名取市増田柳田８,宮城県/名取市/増田/柳田/８番地,140.89357,38.17182,5.0,7.0
名取熊野堂病院（名取市,5,0,0,0,0,0,0,0,0,0,0,0,0,0,〒981-1241 宮城県名取市高舘熊野堂岩口下６８−１,宮城県名取市高舘熊野堂岩口下６８−１,宮城県/名取市/高舘熊野堂/岩口下/６８番地,140.84999,38.19729,5.0,7.0
告示・その他公的病院（市外,1,0,0,0,0,0,0,0,0,0,0,0,0,0,,,,,,,
告示・その他公的診療所（市外,2,1,0,1,0,0,0,0,0,0,0,0,0,1,,,,,,,
告示・その他公立病院（市外,1,0,0,0,0,0,0,0,0,0,0,0,0,0,,,,,,,
告示・その他国立病院（市外,1,0,0,0,0,0,0,0,0,0,0,0,0,0,,,,,,,
告示・その他私的病院（市外,1,0,0,0,0,0,0,0,0,0,0,0,0,0,,,,,,,
告示・その他私的診療所（市外,4,0,0,0,0,0,0,0,0,0,0,0,0,0,,,,,,,
国立宮城病院（山元町,2,0,0,0,1,0,1,0,0,0,1,0,1,2,〒989-2202 宮城県亘理郡山元町高瀬合戦原１００,宮城県亘理郡山元町高瀬合戦原１００,宮城県/亘理郡/山元町/高瀬/合戦原/１００番地,140.88867,37.94374,5.0,7.0
国見台病院（国見一,68,1,1,0,0,0,0,0,0,0,0,0,0,1,〒981-0943 宮城県仙台市青葉区国見１丁目１５−２２,宮城県仙台市青葉区国見１丁目１５−２２,宮城県/仙台市/青葉区/国見/一丁目/１５番,140.84541,38.27758,5.0,7.0
土橋内科医院（八幡二,10,0,0,0,0,0,0,0,0,0,3,1,2,3,〒980-0871 宮城県仙台市青葉区八幡２丁目１１−８,宮城県仙台市青葉区八幡２丁目１１−８,宮城県/仙台市/青葉区/八幡/二丁目/１１番,140.85161,38.27215,5.0,7.0
坂総合病院（塩釜市,500,6,3,3,9,1,8,0,0,0,18,7,11,33,〒985-0024 宮城県塩竈市錦町１６−５,宮城県塩竈市錦町１６−５,宮城県/塩竈市/錦町/１６番,141.01547,38.30676,5.0,7.0
堀田修クリニック（六丁の目南町,13,0,0,0,1,0,1,0,0,0,1,0,1,2,〒984-0013 宮城県仙台市若林区六丁の目南町２−３９,宮城県仙台市若林区六丁の目南町２−３９,宮城県/仙台市/若林区/六丁の目南町/２番,140.93672,38.25008,5.0,7.0
堀田内科小児科医院（立町,1,0,0,0,0,0,0,0,0,0,0,0,0,0,〒980-0822 宮城県仙台市青葉区立町１２−３,宮城県仙台市青葉区立町１２−３,宮城県/仙台市/青葉区/立町/１２番,140.86583,38.26291,5.0,7.0
塩沢消化器科内科医院（燕沢二,3,0,0,0,0,0,0,0,0,0,0,0,0,0,〒983-0823 宮城県仙台市宮城野区燕沢２丁目１５−３０ 尚潤会塩沢消化器内科,宮城県仙台市宮城野区燕沢２丁目１５−３０ 尚潤会塩沢消化器内科,宮城県/仙台市/宮城野区/燕沢/二丁目/１５番,140.91652,38.28437,5.0,7.0
塩釜市立病院（塩釜市,19,0,0,0,2,0,2,0,0,0,1,0,1,3,〒985-0054 宮城県塩竈市香津町７−１,宮城県塩竈市香津町７−１,宮城県/塩竈市/香津町/７番,141.01474,38.31105,5.0,7.0
多賀城腎泌尿器クリニック（多賀城市,2,0,0,0,0,0,0,0,0,0,0,0,0,0,〒985-0842 宮城県多賀城市桜木１丁目１−２０,宮城県多賀城市桜木１丁目１−２０,宮城県/多賀城市/桜木/一丁目/１番,141.01114,38.28923,5.0,7.0
大はしこどもクリニック（沖野三,7,0,0,0,1,1,0,0,0,0,0,0,0,1,〒984-0831 宮城県仙台市若林区沖野３丁目１２−３３,宮城県仙台市若林区沖野３丁目１２−３３,宮城県/仙台市/若林区/沖野/三丁目/１２番,140.91292,38.22489,5.0,7.0
大和町たかはし整形外科ＣＬ（大和町一,6,0,0,0,0,0,0,0,0,0,0,0,0,0,〒984-0042 宮城県仙台市若林区大和町１丁目４−１３ 大和町たかはし整形外科クリニック,宮城県仙台市若林区大和町１丁目４−１３ 大和町たかはし整形外科クリニック,宮城県/仙台市/若林区/大和町/一丁目/４番,140.90947,38.24891,5.0,7.0
大山内科胃腸科医院（燕沢三,6,0,0,0,0,0,0,0,0,0,0,0,0,0,〒983-0823 宮城県仙台市宮城野区燕沢３丁目１９−１,宮城県仙台市宮城野区燕沢３丁目１９−１,宮城県/仙台市/宮城野区/燕沢/三丁目/１９番,140.92249,38.28762,5.0,7.0
大山医院（西中田五,5,0,0,0,0,0,0,0,0,0,0,0,0,0,〒981-1105 宮城県仙台市太白区西中田５丁目２７−６,宮城県仙台市太白区西中田５丁目２７−６,宮城県/仙台市/太白区/西中田/五丁目/２７番,140.87788,38.19441,5.0,7.0
大崎市民病院（大崎市古川,33,1,1,0,2,0,2,0,0,0,3,1,2,6,〒989-6183 宮城県大崎市古川穂波３丁目８−１,宮城県大崎市古川穂波３丁目８−１,宮城県/大崎市/古川穂波/三丁目/８番,140.94403,38.56553,5.0,7.0
大泉記念病院（白石市,2,0,0,0,1,0,1,0,0,0,1,0,1,2,〒989-0731 宮城県白石市福岡深谷一本松５−１,宮城県白石市福岡深谷一本松５−１,宮城県/白石市/福岡深谷/一本松/５番地,140.64392,38.03905,5.0,7.0
大竹整形外科医院（小松島四,3,0,0,0,0,0,0,0,0,0,0,0,0,0,〒981-0905 宮城県仙台市青葉区小松島４丁目１４−１０,宮城県仙台市青葉区小松島４丁目１４−１０,宮城県/仙台市/青葉区/小松島/四丁目/１４番,140.88852,38.28714,5.0,7.0
大腸肛門科仙台桃太郎クリニック（明石南六,3,0,0,0,0,0,0,0,0,0,0,0,0,0,〒981-3101 宮城県仙台市泉区明石南６丁目13−３,宮城県仙台市泉区明石南６丁目13−３,宮城県/仙台市/泉区/明石南/六丁目/１３番,140.88246,38.34749,5.0,7.0
太白クリニック（富沢西四丁目,2,0,0,0,0,0,0,0,0,0,0,0,0,0,〒982-0037 宮城県仙台市太白区富沢西４丁目１９−２,宮城県仙台市太白区富沢西４丁目１９−２,宮城県/仙台市/太白区/富沢西四丁目,140.85916,38.21174,5.0,5.0
奥口内科クリニック（中央二,3,0,0,0,0,0,0,0,0,0,0,0,0,0,〒980-0021 宮城県仙台市青葉区中央２丁目１０−１２ 仙台マルセンビル ２Ｆ,宮城県仙台市青葉区中央２丁目１０−１２ 仙台マルセンビル ２Ｆ,宮城県/仙台市/青葉区/中央/二丁目/１０番,140.87605,38.26255,5.0,7.0
安田クリニック（寺岡一,1,0,0,0,0,0,0,0,0,0,0,0,0,0,〒981-3204 宮城県仙台市泉区寺岡１丁目１−７,宮城県仙台市泉区寺岡１丁目１−７,宮城県/仙台市/泉区/寺岡/一丁目/１番,140.83795,38.33555,5.0,7.0
安田病院（小田原二,34,0,0,0,0,0,0,0,0,0,2,0,2,2,〒983-0803 宮城県仙台市宮城野区小田原２丁目２−４０,宮城県仙台市宮城野区小田原２丁目２−４０,宮城県/仙台市/宮城野区/小田原/二丁目/２番,140.89523,38.26424,5.0,7.0
宍戸クリニック（柳生七,2,0,0,0,0,0,0,0,0,0,0,0,0,0,〒981-1106 宮城県仙台市太白区柳生７丁目２−９,宮城県仙台市太白区柳生７丁目２−９,宮城県/仙台市/太白区/柳生/七丁目/２番,140.86824,38.19685,5.0,7.0
宏人会中央クリニック（榴岡二,15,0,0,0,2,1,1,0,0,0,2,1,1,4,〒983-0852 宮城県仙台市宮城野区榴岡２丁目１,宮城県仙台市宮城野区榴岡２丁目１,宮城県/仙台市/宮城野区/榴岡/二丁目/１番地,140.88419,38.26107,5.0,7.0
宏人会木町病院（木町通一,36,0,0,0,3,2,1,0,0,0,3,1,2,6,〒980-0801 宮城県仙台市青葉区木町通１丁目７−１３ 宏人会木町病院,宮城県仙台市青葉区木町通１丁目７−１３ 宏人会木町病院,宮城県/仙台市/青葉区/木町通/一丁目/７番,140.86401,38.27075,5.0,7.0
宏人会長町クリニック（八本松二,3,0,0,0,0,0,0,0,0,0,0,0,0,0,〒982-0001 宮城県仙台市太白区八本松２丁目８−２ 宏人会長町クリニック,宮城県仙台市太白区八本松２丁目８−２ 宏人会長町クリニック,宮城県/仙台市/太白区/八本松/二丁目/８番,140.89476,38.22725,5.0,7.0
宗像靖彦クリニック,2,1,0,1,0,0,0,0,0,0,0,0,0,1,〒989-3125 宮城県仙台市青葉区下愛子観音堂 1番1 字,宮城県仙台市青葉区下愛子観音堂 1番1 字,宮城県/仙台市/青葉区/下愛子/観音堂/１番地,140.76225,38.2684,5.0,7.0
定禅寺フローレンスクリニック（国分町二,2,0,0,0,0,0,0,0,0,0,0,0,0,0,〒980-0803 宮城県仙台市青葉区国分町２丁目１３−２１ エイチプラス定禅寺通り 6階,宮城県仙台市青葉区国分町２丁目１３−２１ エイチプラス定禅寺通り 6階,宮城県/仙台市/青葉区/国分町/二丁目/１３番,140.86734,38.26477,5.0,7.0
宮城中央病院（上杉一,48,1,0,1,1,1,0,0,0,0,4,1,3,6,〒980-0011 宮城県仙台市青葉区上杉１丁目９−１７,宮城県仙台市青葉区上杉１丁目９−１７,宮城県/仙台市/青葉区/上杉/一丁目/９番,140.87158,38.27127,5.0,7.0
宮城共立医院（上愛子字上遠野原,6,0,0,0,0,0,0,0,0,0,0,0,0,0,〒989-3124 宮城県仙台市青葉区上愛子上遠野原９−７６,宮城県仙台市青葉区上愛子上遠野原９−７６,宮城県/仙台市/青葉区/上愛子/上遠野原/９番地,140.72473,38.27399,5.0,7.0
宮城県立がんセンター（名取市,133,1,0,1,5,3,2,0,0,0,3,1,2,9,〒981-1239 宮城県名取市愛島塩手野田山４７−１,宮城県名取市愛島塩手野田山４７−１,宮城県/名取市/愛島塩手/野田山/４７番地,140.85968,38.16749,5.0,7.0
宮林こどもクリニック（岩切字今市東,3,0,0,0,0,0,0,0,0,0,0,0,0,0,〒983-0821 宮城県仙台市宮城野区岩切今市東１８−２,宮城県仙台市宮城野区岩切今市東１８−２,宮城県/仙台市/宮城野区/岩切/今市東/１８番地,140.94154,38.30028,5.0,7.0
宮田医院（四郎丸字吹上,32,1,1,0,1,0,1,0,0,0,1,1,0,3,〒981-1101 宮城県仙台市太白区四郎丸吹上７１−４,宮城県仙台市太白区四郎丸吹上７１−４,宮城県/仙台市/太白区/四郎丸/吹上/７１番地,140.91512,38.19267,5.0,7.0
宮町整形外科クリニック（宮町四,2,0,0,0,0,0,0,0,0,0,0,0,0,0,〒980-0004 宮城県仙台市青葉区宮町４丁目６,宮城県仙台市青葉区宮町４丁目６,宮城県/仙台市/青葉区/宮町/四丁目/６番,140.88408,38.27565,5.0,7.0
宮町通りクリニック（宮町一,6,0,0,0,0,0,0,0,0,0,0,0,0,0,〒980-0004 宮城県仙台市青葉区宮町１丁目１−４８,宮城県仙台市青葉区宮町１丁目１−４８,宮城県/仙台市/青葉区/宮町/一丁目/１番,140.88297,38.26718,5.0,7.0
富沢あおき内科クリニック（富沢一丁目,2,0,0,0,0,0,0,0,0,0,0,0,0,0,〒982-0032 宮城県仙台市太白区富沢１丁目１２−２９,宮城県仙台市太白区富沢１丁目１２−２９,宮城県/仙台市/太白区/富沢/一丁目/１２番,140.86681,38.21884,5.0,7.0
富谷中央病院（泉ヶ丘クリニック）（富谷町,49,0,0,0,1,0,1,0,0,0,5,1,4,6,〒981-3328 宮城県富谷市上桜木２丁目１−６,宮城県富谷市上桜木２丁目１−６,宮城県/富谷市/上桜木/二丁目/１番,140.87955,38.36369,5.0,7.0
富谷佐藤病院（富谷町,3,0,0,0,0,0,0,0,0,0,0,0,0,0,〒981-3302 宮城県富谷市三ノ関坂ノ下１１６−１,宮城県富谷市三ノ関坂ノ下１１６−１,宮城県/富谷市/三ノ関/坂ノ下/１１６番地,140.89401,38.40929,5.0,7.0
富谷医院（富谷町,3,1,0,1,1,0,1,0,0,0,0,0,0,2,〒981-3304 宮城県富谷市ひより台１丁目４５−１,宮城県富谷市ひより台１丁目４５−１,宮城県/富谷市/ひより台/一丁目/４５番,140.88463,38.4009,5.0,7.0
寺岡よつばクリニック（寺岡五,1,0,0,0,0,0,0,0,0,0,0,0,0,0,〒9813240 宮城県仙台市泉区寺岡５丁目1−２５,〒9813240 宮城県仙台市泉区寺岡５丁目1−２５,,0.0,0.0,0.0,0.0
寺沢小児科（中山二,2,0,0,0,0,0,0,0,0,0,0,0,0,0,〒981-0952 宮城県仙台市青葉区中山２丁目２６−２０,宮城県仙台市青葉区中山２丁目２６−２０,宮城県/仙台市/青葉区/中山/二丁目/２６番,140.84335,38.28771,5.0,7.0
将監耳鼻咽喉科医院（将監十,6,0,0,0,0,0,0,0,0,0,0,0,0,0,〒981-3132 宮城県仙台市泉区将監１０丁目１２−１−２,宮城県仙台市泉区将監１０丁目１２−１−２,宮城県/仙台市/泉区/将監/十丁目/１２番,140.87129,38.33607,5.0,7.0
小倉整形外科（上杉一,2,0,0,0,0,0,0,0,0,0,0,0,0,0,〒980-0011 宮城県仙台市青葉区上杉１丁目６−１０ 勾当台ビル 2F EARTH BLUE仙台,宮城県仙台市青葉区上杉１丁目６−１０ 勾当台ビル 2F EARTH BLUE仙台,宮城県/仙台市/青葉区/上杉/一丁目/６番,140.86995,38.27062,5.0,7.0
小島病院（岩沼市,4,0,0,0,0,0,0,0,0,0,0,0,0,0,〒989-2433 宮城県岩沼市桜１丁目２−２５,宮城県岩沼市桜１丁目２−２５,宮城県/岩沼市/桜/一丁目/２番,140.86873,38.10459,5.0,7.0
小松クリニック（泉中央一,2,0,0,0,0,0,0,0,0,0,0,0,0,0,〒981-3133 宮城県仙台市泉区泉中央１丁目３８−１７,宮城県仙台市泉区泉中央１丁目３８−１７,宮城県/仙台市/泉区/泉中央/一丁目/３８番,140.87582,38.32417,5.0,7.0
小林内科医院（鹿野二,1,0,0,0,0,0,0,0,0,0,0,0,0,0,〒982-0023 宮城県仙台市太白区鹿野２丁目４−１５,宮城県仙台市太白区鹿野２丁目４−１５,宮城県/仙台市/太白区/鹿野/二丁目/４番,140.87134,38.22978,5.0,7.0
小池クリニック整形外科（台原一,2,0,0,0,0,0,0,0,0,0,0,0,0,0,〒981-0911 宮城県仙台市青葉区台原１丁目７−２４,宮城県仙台市青葉区台原１丁目７−２４,宮城県/仙台市/青葉区/台原/一丁目/７番,140.873,38.2822,5.0,7.0
小泉内科医院（上杉四,3,0,0,0,0,0,0,0,0,0,0,0,0,0,〒980-0011 宮城県仙台市青葉区上杉４丁目２−４７,宮城県仙台市青葉区上杉４丁目２−４７,宮城県/仙台市/青葉区/上杉/四丁目/２番,140.88097,38.27163,5.0,7.0
小野寺外科医院（銀杏町,1,0,0,0,0,0,0,0,0,0,0,0,0,0,〒983-0047 宮城県仙台市宮城野区銀杏町３５−１ 小野寺外科消化器科医院,宮城県仙台市宮城野区銀杏町３５−１ 小野寺外科消化器科医院,宮城県/仙台市/宮城野区/銀杏町/３５番,140.91322,38.26266,5.0,7.0
尾子クリニック（富沢南二,6,0,0,0,0,0,0,0,0,0,0,0,0,0,〒982-0036 宮城県仙台市太白区富沢南２丁目１７−８,宮城県仙台市太白区富沢南２丁目１７−８,宮城県/仙台市/太白区/富沢南/二丁目/１７番,140.86804,38.2107,5.0,7.0
山形県立中央病院（山形市,1,0,0,0,0,0,0,0,0,0,0,0,0,0,〒990-2292 山形県山形市青柳1800番地,山形県山形市青柳1800番地,山形県/山形市/青柳/１８００番地,140.34618,38.30045,5.0,7.0
山本内科小児科医院（鶴ヶ丘三,1,0,0,0,0,0,0,0,0,0,0,0,0,0,〒981-3109 宮城県仙台市泉区鶴が丘３丁目１−４ 山本内科小児科,宮城県仙台市泉区鶴が丘３丁目１−４ 山本内科小児科,宮城県/仙台市/泉区/鶴が丘/三丁目/１番,140.9209,38.32144,5.0,7.0
岡部医院仙台（柏木二,1,0,0,0,0,0,0,0,0,0,0,0,0,0,〒981-0933 宮城県仙台市青葉区柏木２丁目４−７６ ガーデンテラス 106,宮城県仙台市青葉区柏木２丁目４−７６ ガーデンテラス 106,宮城県/仙台市/青葉区/柏木/二丁目/４番,140.853,38.2734,5.0,7.0
岩切中央クリニック（岩切分台一,3,0,0,0,0,0,0,0,0,0,0,0,0,0,〒983-0828 宮城県仙台市宮城野区岩切分台１丁目２−５,宮城県仙台市宮城野区岩切分台１丁目２−５,宮城県/仙台市/宮城野区/岩切分台/一丁目/２番,140.95584,38.30574,5.0,7.0
岩切病院（岩切字稲荷,56,1,1,0,2,1,1,0,0,0,1,0,1,4,〒983-0821 宮城県仙台市宮城野区岩切稲荷２１,宮城県仙台市宮城野区岩切稲荷２１,宮城県/仙台市/宮城野区/岩切/稲荷/２１番地,140.93839,38.30072,5.0,7.0
岩崎医院（愛子中央六,9,3,0,3,0,0,0,0,0,0,1,0,1,4,〒989-3128 宮城県仙台市青葉区愛子中央６丁目７−２３,宮城県仙台市青葉区愛子中央６丁目７−２３,宮城県/仙台市/青葉区/愛子中央/六丁目/７番,140.75754,38.27219,5.0,7.0
川平内科（川平三,9,0,0,0,1,0,1,0,0,0,0,0,0,1,〒981-0954 宮城県仙台市青葉区川平３丁目４０−１０,宮城県仙台市青葉区川平３丁目４０−１０,宮城県/仙台市/青葉区/川平/三丁目/４０番,140.83633,38.30593,5.0,7.0
川平耳鼻咽喉科クリニック（川平三丁目,1,0,0,0,0,0,0,0,0,0,0,0,0,0,〒981-0954 宮城県仙台市青葉区川平３丁目４１−１６,宮城県仙台市青葉区川平３丁目４１−１６,宮城県/仙台市/青葉区/川平/三丁目/４１番,140.83583,38.30696,5.0,7.0
市名坂診療所（本田町,1,0,0,0,0,0,0,0,0,0,0,0,0,0,〒981-3107 宮城県仙台市泉区本田町８−１２,宮城県仙台市泉区本田町８−１２,宮城県/仙台市/泉区/本田町/８番,140.90144,38.31949,5.0,7.0
師小児科（中央二,3,0,0,0,1,1,0,0,0,0,0,0,0,1,〒980-0021 宮城県仙台市青葉区中央２丁目１０−１７ 杜の湯ドーミーインＥＸＰＲＥＳＳ仙台広瀬通,宮城県仙台市青葉区中央２丁目１０−１７ 杜の湯ドーミーインＥＸＰＲＥＳＳ仙台広瀬通,宮城県/仙台市/青葉区/中央/二丁目/１０番,140.87605,38.26255,5.0,7.0
平成眼科医院（郷六字沼田,1,0,0,0,0,0,0,0,0,0,0,0,0,0,〒989-3121 宮城県仙台市青葉区郷六沼田１３−３,宮城県仙台市青葉区郷六沼田１３−３,宮城県/仙台市/青葉区/郷六/沼田/１３番地,140.81544,38.26294,5.0,7.0
平沢医院（砂押南町,1,0,0,0,1,1,0,0,0,0,1,1,0,2,〒982-0024 宮城県仙台市太白区砂押南町１−４７,宮城県仙台市太白区砂押南町１−４７,宮城県/仙台市/太白区/砂押南町/１番,140.8692,38.22725,5.0,7.0
広南病院（長町南四,2334,4,1,3,9,1,8,1,0,1,9,1,8,23,〒982-8523 宮城県仙台市太白区長町南４丁目２０−１,宮城県仙台市太白区長町南４丁目２０−１,宮城県/仙台市/太白区/長町南/四丁目/２０番,140.87186,38.21952,5.0,7.0
広瀬病院（郷六字大森,42,0,0,0,2,0,2,0,0,0,2,0,2,4,〒989-3121 宮城県仙台市青葉区郷六大森４−２,宮城県仙台市青葉区郷六大森４−２,宮城県/仙台市/青葉区/郷六/大森/４番地,140.81203,38.25346,5.0,7.0
広瀬耳鼻咽喉科クリニック（広瀬町,2,0,0,0,0,0,0,0,0,0,0,0,0,0,〒980-0873 宮城県仙台市青葉区広瀬町４−８,宮城県仙台市青葉区広瀬町４−８,宮城県/仙台市/青葉区/広瀬町/４番,140.85652,38.27007,5.0,7.0
庄司内科医院（原町一,3,1,1,0,0,0,0,0,0,0,1,0,1,2,〒983-0841 宮城県仙台市宮城野区原町１丁目１−８０,宮城県仙台市宮城野区原町１丁目１−８０,宮城県/仙台市/宮城野区/原町/一丁目/１番,140.89818,38.26426,5.0,7.0
庄子整形外科医院（幸町一,3,0,0,0,0,0,0,0,0,0,0,0,0,0,〒983-0836 宮城県仙台市宮城野区幸町１丁目１９−２６,宮城県仙台市宮城野区幸町１丁目１９−２６,宮城県/仙台市/宮城野区/幸町/一丁目/１９番,140.89612,38.27798,5.0,7.0
愛子整形外科（愛子東一,7,0,0,0,0,0,0,1,0,1,0,0,0,1,〒989-3127 宮城県仙台市青葉区愛子東１丁目４−４５,宮城県仙台市青葉区愛子東１丁目４−４５,宮城県/仙台市/青葉区/愛子東/一丁目/４番,140.7804,38.27275,5.0,7.0
整形外科神崎クリニック（鶴ヶ谷七,3,0,0,0,0,0,0,0,0,0,0,0,0,0,〒983-0824 宮城県仙台市宮城野区鶴ケ谷７丁目３１−７,宮城県仙台市宮城野区鶴ケ谷７丁目３１−７,宮城県/仙台市/宮城野区/鶴ケ谷/七丁目/３１番,140.9214,38.2897,5.0,7.0
新富谷Ｓ・Ｓレディースクリニック（富谷町,5,0,0,0,0,0,0,0,0,0,0,0,0,0,〒981-3341 宮城県富谷市成田９丁目１−２０,宮城県富谷市成田９丁目１−２０,宮城県/富谷市/成田/九丁目/１番,140.88699,38.36234,5.0,7.0
新田さいとうクリニック（新田四,5,0,0,0,0,0,0,0,0,0,0,0,0,0,〒983-0038 宮城県仙台市宮城野区新田４丁目３３−１８,宮城県仙台市宮城野区新田４丁目３３−１８,宮城県/仙台市/宮城野区/新田/四丁目/３３番,140.93057,38.27568,5.0,7.0
新田東クリニック（新田東二,5,0,0,0,1,0,1,0,0,0,1,0,1,2,〒983-0039 宮城県仙台市宮城野区新田東２丁目１０,宮城県仙台市宮城野区新田東２丁目１０,宮城県/仙台市/宮城野区/新田東/二丁目/１０番,140.93468,38.27474,5.0,7.0
日野クリニック（愛子東二,5,0,0,0,0,0,0,0,0,0,0,0,0,0,〒989-3127 宮城県仙台市青葉区愛子東２丁目３−１８,宮城県仙台市青葉区愛子東２丁目３−１８,宮城県/仙台市/青葉区/愛子東/二丁目/３番,140.77502,38.27332,5.0,7.0
早坂愛生会病院（川内澱橋通,3,0,0,0,1,0,1,0,0,0,1,0,1,2,〒980-0855 宮城県仙台市青葉区川内澱橋通３８,宮城県仙台市青葉区川内澱橋通３８,宮城県/仙台市/青葉区/川内澱橋通/３８番地,140.85594,38.26528,5.0,7.0
明石台整形外科医院（富谷町,1,0,0,0,0,0,0,0,0,0,0,0,0,0,〒981-3332 宮城県富谷市明石台２丁目２２−５,宮城県富谷市明石台２丁目２２−５,宮城県/富谷市/明石台/二丁目/２２番,140.89229,38.34722,5.0,7.0
星内科小児科医院（幸町二,148,9,4,5,10,4,6,0,0,0,13,7,6,32,〒983-0836 宮城県仙台市宮城野区幸町２丁目２０−１３,宮城県仙台市宮城野区幸町２丁目２０−１３,宮城県/仙台市/宮城野区/幸町/二丁目/２０番,140.89856,38.27745,5.0,7.0
春ウイメンズクリニック（名取市,3,0,0,0,0,0,0,0,0,0,0,0,0,0,〒981-1221 宮城県名取市田高南２７−１,宮城県名取市田高南２７−１,宮城県/名取市/田高/南/２７番地,140.87669,38.18282,5.0,7.0
春日療養園（中田五,2,0,0,0,0,0,0,0,0,0,0,0,0,0,〒981-1104 宮城県仙台市太白区中田５丁目５−１,宮城県仙台市太白区中田５丁目５−１,宮城県/仙台市/太白区/中田/五丁目/５番,140.88614,38.19619,5.0,7.0
春樹記念眼科診療所（中央二,1,0,0,0,0,0,0,0,0,0,0,0,0,0,〒980-0021 宮城県仙台市青葉区中央２丁目８−３２ 生活文化ビル,宮城県仙台市青葉区中央２丁目８−３２ 生活文化ビル,宮城県/仙台市/青葉区/中央/二丁目/８番,140.87486,38.26183,5.0,7.0
木下内科クリニック（原町二,3,1,0,1,0,0,0,0,0,0,1,0,1,2,〒983-0841 宮城県仙台市宮城野区原町２丁目４−４３,宮城県仙台市宮城野区原町２丁目４−４３,宮城県/仙台市/宮城野区/原町/二丁目/４番,140.9055,38.26564,5.0,7.0
木町小児科医院（柏木三,1,0,0,0,0,0,0,0,0,0,0,0,0,0,〒981-0933 宮城県仙台市青葉区柏木３丁目１−４３,宮城県仙台市青葉区柏木３丁目１−４３,宮城県/仙台市/青葉区/柏木/三丁目/１番,140.85875,38.27686,5.0,7.0
木町通クリニック,4,0,0,0,0,0,0,0,0,0,0,0,0,0,〒980-0801 宮城県仙台市青葉区木町通２丁目３−１９ ２階,宮城県仙台市青葉区木町通２丁目３−１９ ２階,宮城県/仙台市/青葉区/木町通/二丁目/３番,140.86363,38.27196,5.0,7.0
本島内科胃腸科クリニック（西中田七,1,0,0,0,0,0,0,0,0,0,0,0,0,0,〒981-1105 宮城県仙台市太白区西中田７丁目２６−３０,宮城県仙台市太白区西中田７丁目２６−３０,宮城県/仙台市/太白区/西中田/七丁目/２６番,140.8741,38.19083,5.0,7.0
村口きよ女性クリニック（榴岡四,2,0,0,0,0,0,0,0,0,0,0,0,0,0,"〒983-0852 宮城県仙台市宮城野区榴岡４丁目２−３ 仙台MTビル 2F, 宮城野","宮城県仙台市宮城野区榴岡４丁目２−３ 仙台MTビル 2F, 宮城野",宮城県/仙台市/宮城野区/榴岡/四丁目/２番,140.88802,38.25916,5.0,7.0
杜のホスピタル・あおば（八幡六,5,0,0,0,0,0,0,0,0,0,0,0,0,0,〒980-0871 宮城県仙台市青葉区八幡６丁目９−３,宮城県仙台市青葉区八幡６丁目９−３,宮城県/仙台市/青葉区/八幡/六丁目/９番,140.83412,38.26622,5.0,7.0
東あおば整形外科（新田東一,4,0,0,0,0,0,0,0,0,0,0,0,0,0,〒983-0039 宮城県仙台市宮城野区新田東１丁目９−１,宮城県仙台市宮城野区新田東１丁目９−１,宮城県/仙台市/宮城野区/新田東/一丁目/９番,140.9346,38.2773,5.0,7.0
東二番丁診療所（一番町一,1,0,0,0,0,0,0,0,0,0,0,0,0,0,〒980-0811 宮城県仙台市青葉区一番町１丁目９−１ 仙台トラストシティプラザ ３階,宮城県仙台市青葉区一番町１丁目９−１ 仙台トラストシティプラザ ３階,宮城県/仙台市/青葉区/一番町/一丁目/９番,140.87656,38.2562,5.0,7.0
東仙台さとう整形外科（燕沢二,6,0,0,0,0,0,0,0,0,0,0,0,0,0,〒983-0823 宮城県仙台市宮城野区燕沢２丁目１１−１,宮城県仙台市宮城野区燕沢２丁目１１−１,宮城県/仙台市/宮城野区/燕沢/二丁目/１１番,140.91684,38.28521,5.0,7.0
東仙台クリニック（東仙台一,1,0,0,0,0,0,0,0,0,0,0,0,0,0,〒983-0833 宮城県仙台市宮城野区東仙台１丁目７−１ ロイヤルヒルズ東仙台 1-C,宮城県仙台市宮城野区東仙台１丁目７−１ ロイヤルヒルズ東仙台 1-C,宮城県/仙台市/宮城野区/東仙台/一丁目/７番,140.92058,38.27698,5.0,7.0
東仙台医院（東仙台五,1,0,0,0,0,0,0,0,0,0,0,0,0,0,,,,,,,
東勝山なかざわ内科・アレルギー科（東勝山,5,0,0,0,0,0,0,0,0,0,0,0,0,0,〒981-0923 宮城県仙台市青葉区東勝山３丁目１４−１１,宮城県仙台市青葉区東勝山３丁目１４−１１,宮城県/仙台市/青葉区/東勝山/三丁目/１４番,140.86618,38.29866,5.0,7.0
東北会病院（柏木一,96,3,2,1,0,0,0,0,0,0,0,0,0,3,〒981-0933 宮城県仙台市青葉区柏木１丁目８−７,宮城県仙台市青葉区柏木１丁目８−７,宮城県/仙台市/青葉区/柏木/一丁目/８番,140.86078,38.27548,5.0,7.0
東北公済病院（国分町二,5794,83,48,35,195,76,119,6,4,2,257,85,172,541,〒980-0803 宮城県仙台市青葉区国分町２丁目３−１１,宮城県仙台市青葉区国分町２丁目３−１１,宮城県/仙台市/青葉区/国分町/二丁目/３番,140.86809,38.26242,5.0,7.0
東北内分泌・代謝内科クリニック（柏木一,1,0,0,0,0,0,0,0,0,0,0,0,0,0,〒981-0933 宮城県仙台市青葉区柏木１丁目７−２８,宮城県仙台市青葉区柏木１丁目７−２８,宮城県/仙台市/青葉区/柏木/一丁目/７番,140.86238,38.27575,5.0,7.0
東北労災病院（台原四,7877,79,36,43,212,67,145,17,9,8,300,102,198,608,〒981-0911 宮城県仙台市青葉区台原４丁目３−２１,宮城県仙台市青葉区台原４丁目３−２１,宮城県/仙台市/青葉区/台原/四丁目/３番,140.87511,38.28428,5.0,7.0
東北医科薬科大学病院（福室一,5373,59,41,18,124,54,70,7,2,5,211,101,110,401,〒983-0005 宮城県仙台市宮城野区福室１丁目12番1号,宮城県仙台市宮城野区福室１丁目12番1号,宮城県/仙台市/宮城野区/福室/一丁目/１２番,140.96706,38.26907,5.0,7.0
東北大学加齢医学研究所（星陵町,2,0,0,0,0,0,0,0,0,0,0,0,0,0,〒980-0872 宮城県仙台市青葉区星陵町４−１,宮城県仙台市青葉区星陵町４−１,宮城県/仙台市/青葉区/星陵町/４番,140.86028,38.27416,5.0,7.0
東北大学病院（星陵町,3814,5,2,3,36,25,11,1,1,0,49,22,27,91,〒980-8574 宮城県仙台市青葉区星陵町１−１,宮城県仙台市青葉区星陵町１−１,宮城県/仙台市/青葉区/星陵町/１番,140.86095,38.27221,5.0,7.0
東北整形外科（上谷刈四,11,0,0,0,0,0,0,0,0,0,0,0,0,0,〒981-3121 宮城県仙台市泉区上谷刈４丁目９−２２,宮城県仙台市泉区上谷刈４丁目９−２２,宮城県/仙台市/泉区/上谷刈/四丁目/９番,140.87088,38.31568,5.0,7.0
東北瑞泉会宮城クリニック（八乙女中央二,2,0,0,0,0,0,0,0,0,0,0,0,0,0,〒981-3135 宮城県仙台市泉区八乙女中央２丁目３−８,宮城県仙台市泉区八乙女中央２丁目３−８,宮城県/仙台市/泉区/八乙女中央/二丁目/３番,140.88255,38.31591,5.0,7.0
東北福祉大学せんだんホスピタル（削除）,1,0,0,0,0,0,0,0,0,0,0,0,0,0,〒989-3201 宮城県仙台市青葉区国見ケ丘６丁目６５−８,宮城県仙台市青葉区国見ケ丘６丁目６５−８,宮城県/仙台市/青葉区/国見ケ丘/六丁目/６５番地,140.83316,38.28724,5.0,7.0
東岡内科医院（松森字岡本前,2,0,0,0,1,1,0,0,0,0,0,0,0,1,〒981-3111 宮城県仙台市泉区松森岡本前１０−１,宮城県仙台市泉区松森岡本前１０−１,宮城県/仙台市/泉区/松森/岡本前,140.91296,38.31331,5.0,6.0
東部内科医院（六丁の目中町,1,0,0,0,0,0,0,0,0,0,0,0,0,0,〒984-0012 宮城県仙台市若林区六丁の目中町１−５７ ベガシティ六丁の目,宮城県仙台市若林区六丁の目中町１−５７ ベガシティ六丁の目,宮城県/仙台市/若林区/六丁の目中町/１番,140.9371,38.25145,5.0,7.0
松原医院（愛子東二,1,0,0,0,0,0,0,0,0,0,0,0,0,0,〒989-3127 宮城県仙台市青葉区愛子東２丁目３−６３,宮城県仙台市青葉区愛子東２丁目３−６３,宮城県/仙台市/青葉区/愛子東/二丁目/３番,140.77502,38.27332,5.0,7.0
松尾けんこうクリニック（高松二,1,0,0,0,0,0,0,0,0,0,0,0,0,0,〒981-0907 宮城県仙台市青葉区高松２丁目１１−７４,宮城県仙台市青葉区高松２丁目１１−７４,宮城県/仙台市/青葉区/高松/二丁目/１１番,140.89038,38.27986,5.0,7.0
松島病院（松島町,2,0,0,0,0,0,0,0,0,0,0,0,0,0,〒981-0215 宮城県宮城郡松島町高城浜１−２６,宮城県宮城郡松島町高城浜１−２６,宮城県/宮城郡/松島町/高城/浜/１番地,141.07002,38.37802,5.0,7.0
松本不二夫整形外科（大野田四,11,0,0,0,0,0,0,0,0,0,0,0,0,0,〒982-0014 宮城県仙台市太白区大野田４丁目１８−１,宮城県仙台市太白区大野田４丁目１８−１,宮城県/仙台市/太白区/大野田/四丁目,140.87509,38.21232,5.0,6.0
松本小児科（長町四,2,0,0,0,0,0,0,0,0,0,0,0,0,0,〒982-0011 宮城県仙台市太白区長町４丁目７−２３ １Ｆ エルピノ,宮城県仙台市太白区長町４丁目７−２３ １Ｆ エルピノ,宮城県/仙台市/太白区/長町/四丁目/７番,140.88084,38.22958,5.0,7.0
松森整形外科クリニック（松森字岡本前,1,0,0,0,0,0,0,0,0,0,0,0,0,0,〒981-3111 宮城県仙台市泉区松森岡本前１１,宮城県仙台市泉区松森岡本前１１,宮城県/仙台市/泉区/松森/岡本前,140.91296,38.31331,5.0,6.0
松永厚生クリニック（泉中央一,1,0,0,0,0,0,0,0,0,0,0,0,0,0,〒981-3133 宮城県仙台市泉区泉中央１丁目２６−４,宮城県仙台市泉区泉中央１丁目２６−４,宮城県/仙台市/泉区/泉中央/一丁目/２６番,140.87863,38.32166,5.0,7.0
松永女性クリニック（河原町一,3,0,0,0,0,0,0,0,0,0,0,0,0,0,〒984-0816 宮城県仙台市若林区河原町１丁目３−１７ ＭＭビル,宮城県仙台市若林区河原町１丁目３−１７ ＭＭビル,宮城県/仙台市/若林区/河原町/一丁目/３番,140.89027,38.23817,5.0,7.0
松田会寺岡クリニック（寺岡五,1,0,0,0,0,0,0,0,0,0,0,0,0,0,〒981-3204 宮城県仙台市泉区寺岡５丁目８−２,宮城県仙台市泉区寺岡５丁目８−２,宮城県/仙台市/泉区/寺岡/五丁目/８番,140.82727,38.34354,5.0,7.0
松田病院（実沢字立田屋敷,889,12,4,8,26,4,22,1,0,1,19,5,14,58,〒981-3217 宮城県仙台市泉区実沢立田屋敷１７−１,宮城県仙台市泉区実沢立田屋敷１７−１,宮城県/仙台市/泉区/実沢/立田屋敷/１７番地,140.83881,38.33401,5.0,7.0
松陵かきざきクリニック（松陵二,5,0,0,0,0,0,0,0,0,0,1,1,0,1,〒981-3108 宮城県仙台市泉区松陵２丁目２２−３,宮城県仙台市泉区松陵２丁目２２−３,宮城県/仙台市/泉区/松陵/二丁目/２２番,140.91013,38.32978,5.0,7.0
柏木クリニック（柏木二,4,0,0,0,0,0,0,0,0,0,0,0,0,0,〒981-0933 宮城県仙台市青葉区柏木２丁目６,宮城県仙台市青葉区柏木２丁目６,宮城県/仙台市/青葉区/柏木/二丁目/６番,140.85345,38.27433,5.0,7.0
柳生吉田こどもクリニック（柳生字田中,7,0,0,0,0,0,0,0,0,0,0,0,0,0,〒981-1106 宮城県仙台市太白区柳生田中８−８,宮城県仙台市太白区柳生田中８−８,宮城県/仙台市/太白区/柳生/田中/８番地,140.86983,38.1938,5.0,7.0
柴崎内科小児科医院（八幡四,2,0,0,0,0,0,0,0,0,0,0,0,0,0,〒980-0871 宮城県仙台市青葉区八幡４丁目２−１１,宮城県仙台市青葉区八幡４丁目２−１１,宮城県/仙台市/青葉区/八幡/四丁目/２番,140.84802,38.27024,5.0,7.0
桂内科・こどもクリニック（桂三,2,1,1,0,0,0,0,0,0,0,0,0,0,1,〒981-3134 宮城県仙台市泉区桂３丁目１−４,宮城県仙台市泉区桂３丁目１−４,宮城県/仙台市/泉区/桂/三丁目/１番,140.86494,38.33922,5.0,7.0
桂島いずみクリニック（桂一,1,0,0,0,1,0,1,0,0,0,0,0,0,1,〒981-3134 宮城県仙台市泉区桂１丁目１７−７,宮城県仙台市泉区桂１丁目１７−７,宮城県/仙台市/泉区/桂/一丁目/１７番地,140.86482,38.33188,5.0,7.0
桂眼科（桂三,1,0,0,0,0,0,0,0,0,0,0,0,0,0,〒981-3134 宮城県仙台市泉区桂３丁目２−３,宮城県仙台市泉区桂３丁目２−３,宮城県/仙台市/泉区/桂/三丁目/２番,140.86327,38.33804,5.0,7.0
桂耳鼻科（桂三,4,0,0,0,0,0,0,0,0,0,0,0,0,0,〒981-3134 宮城県仙台市泉区桂３丁目１−６,宮城県仙台市泉区桂３丁目１−６,宮城県/仙台市/泉区/桂/三丁目/１番,140.86494,38.33922,5.0,7.0
桂高森Ｓ・Ｓレディースクリニック（高森一,2,0,0,0,0,0,0,0,0,0,0,0,0,0,〒981-3203 宮城県仙台市泉区高森１丁目１−１９４,宮城県仙台市泉区高森１丁目１−１９４,宮城県/仙台市/泉区/高森/一丁目/１番,140.83992,38.33866,5.0,7.0
桃野レディースクリニック（五輪二,1,0,0,0,0,0,0,0,0,0,0,0,0,0,〒983-0842 宮城県仙台市宮城野区五輪２丁目１４−１０,宮城県仙台市宮城野区五輪２丁目１４−１０,宮城県/仙台市/宮城野区/五輪/二丁目/１４番,140.91183,38.26664,5.0,7.0
桜ケ丘クリニック（桜ケ丘七,2,0,0,0,0,0,0,0,0,0,0,0,0,0,〒981-0961 宮城県仙台市青葉区桜ケ丘７丁目２２−８,宮城県仙台市青葉区桜ケ丘７丁目２２−８,宮城県/仙台市/青葉区/桜ケ丘/七丁目/２２番,140.84596,38.30524,5.0,7.0
桜ヶ丘あおぞら内科（桜ヶ丘二,2,0,0,0,1,0,1,0,0,0,0,0,0,1,〒981-0961 宮城県仙台市青葉区桜ケ丘２丁目１３−３ 及川内科,宮城県仙台市青葉区桜ケ丘２丁目１３−３ 及川内科,宮城県/仙台市/青葉区/桜ケ丘/二丁目/１３番,140.85164,38.29814,5.0,7.0
棚橋よしかつ泌尿器科（国分町二,1,0,0,0,0,0,0,0,0,0,0,0,0,0,〒980-0803 宮城県仙台市青葉区国分町２丁目２−１１ ＯＰＡＬ仙台ビル 3F,宮城県仙台市青葉区国分町２丁目２−１１ ＯＰＡＬ仙台ビル 3F,宮城県/仙台市/青葉区/国分町/二丁目/２番,140.86926,38.26235,5.0,7.0
森るり子内科クリニック（五橋一,2,0,0,0,0,0,0,0,0,0,0,0,0,0,〒980-0022 宮城県仙台市青葉区五橋１丁目６−２３,宮城県仙台市青葉区五橋１丁目６−２３,宮城県/仙台市/青葉区/五橋/一丁目/６番,140.88071,38.25318,5.0,7.0
森整形外科リュウマチ科ＣＬ（南中山一,1,0,0,0,0,0,0,0,0,0,0,0,0,0,〒981-3213 宮城県仙台市泉区南中山１丁目４２−５ 半場ビル ３Ｆ,宮城県仙台市泉区南中山１丁目４２−５ 半場ビル ３Ｆ,宮城県/仙台市/泉区/南中山/一丁目/４２番,140.82681,38.29699,5.0,7.0
榴岡わたなべクリニック（榴岡三,7,0,0,0,1,1,0,0,0,0,0,0,0,1,〒983-0852 宮城県仙台市宮城野区榴岡３丁目１１−１８ プレノ榴岡 １階,宮城県仙台市宮城野区榴岡３丁目１１−１８ プレノ榴岡 １階,宮城県/仙台市/宮城野区/榴岡/三丁目/１１番,140.89069,38.2606,5.0,7.0
氏家内科小児科医院（一本杉町,2,0,0,0,1,0,1,0,0,0,1,0,1,2,〒984-0828 宮城県仙台市若林区一本杉町１４−１９,宮城県仙台市若林区一本杉町１４−１９,宮城県/仙台市/若林区/一本杉町/１４番,140.90752,38.2443,5.0,7.0
気仙沼市立病院（気仙沼市,2,0,0,0,0,0,0,0,0,0,0,0,0,0,〒988-0181 宮城県気仙沼市赤岩杉ノ沢８−２,宮城県気仙沼市赤岩杉ノ沢８−２,宮城県/気仙沼市/赤岩杉ノ沢/８番地,141.56538,38.88796,5.0,7.0
水の森整形外科クリニック,4,0,0,0,0,0,0,0,0,0,0,0,0,0,〒981-0962 宮城県仙台市青葉区水の森３丁目４１−１５ フローラル共済ビル 3階,宮城県仙台市青葉区水の森３丁目４１−１５ フローラル共済ビル 3階,宮城県/仙台市/青葉区/水の森/三丁目/４１番,140.85503,38.29667,5.0,7.0
水戸整形外科医院（門前町,14,0,0,0,0,0,0,0,0,0,0,0,0,0,〒982-0845 宮城県仙台市太白区門前町１２−２３,宮城県仙台市太白区門前町１２−２３,宮城県/仙台市/太白区/門前町/１２番,140.87657,38.23339,5.0,7.0
永井小児科医院（宮城野一,11,3,1,2,1,1,0,0,0,0,0,0,0,4,〒983-0045 宮城県仙台市宮城野区宮城野１丁目２５−１０,宮城県仙台市宮城野区宮城野１丁目２５−１０,宮城県/仙台市/宮城野区/宮城野/一丁目/２５番,140.89807,38.25659,5.0,7.0
永井産婦人科（支倉町,1,0,0,0,0,0,0,0,0,0,0,0,0,0,〒980-0824 宮城県仙台市青葉区支倉町４−３ 向仁会永井産婦人科（永井向仁会）,宮城県仙台市青葉区支倉町４−３ 向仁会永井産婦人科（永井向仁会）,宮城県/仙台市/青葉区/支倉町/４番,140.86121,38.27019,5.0,7.0
沖野内科医院（沖野六,5,2,2,0,0,0,0,0,0,0,0,0,0,2,〒984-0831 宮城県仙台市若林区沖野６丁目２６−３０,宮城県仙台市若林区沖野６丁目２６−３０,宮城県/仙台市/若林区/沖野/六丁目/２６番,140.91875,38.22309,5.0,7.0
河原町メンタルクリニック（河原町一,1,0,0,0,0,0,0,0,0,0,0,0,0,0,〒984-0816 宮城県仙台市若林区河原町１丁目１−５ リライアンス河原町 4階,宮城県仙台市若林区河原町１丁目１−５ リライアンス河原町 4階,宮城県/仙台市/若林区/河原町/一丁目/１番,140.88812,38.24048,5.0,7.0
河原町泌尿器科クリニック（河原町一,2,0,0,0,0,0,0,0,0,0,0,0,0,0,〒984-0816 宮城県仙台市若林区河原町１丁目１−５ リライアンス河原町 3F,宮城県仙台市若林区河原町１丁目１−５ リライアンス河原町 3F,宮城県/仙台市/若林区/河原町/一丁目/１番,140.88812,38.24048,5.0,7.0
河原町病院（南小泉字八軒,1683,35,27,8,133,86,47,1,1,0,132,89,43,301,〒984-0827 宮城県仙台市若林区南小泉八軒小路４,宮城県仙台市若林区南小泉八軒小路４,宮城県/仙台市/若林区/南小泉/八軒小路/４番地,140.8924,38.24081,5.0,7.0
河村内科外科クリニック（中山五,1,0,0,0,0,0,0,1,0,1,0,0,0,1,〒981-0952 宮城県仙台市青葉区中山５丁目６−１,宮城県仙台市青葉区中山５丁目６−１,宮城県/仙台市/青葉区/中山/五丁目/６番,140.8439,38.29213,5.0,7.0
河西耳鼻咽喉科（中央二,1,0,0,0,0,0,0,0,0,0,0,0,0,0,〒980-0021 宮城県仙台市青葉区中央２丁目９−１ 河西ビル ２Ｆ,宮城県仙台市青葉区中央２丁目９−１ 河西ビル ２Ｆ,宮城県/仙台市/青葉区/中央/二丁目/９番,140.87453,38.26245,5.0,7.0
河野医院（旗立二,5,0,0,0,0,0,0,0,0,0,0,0,0,0,〒982-0215 宮城県仙台市太白区旗立２丁目４−１８,宮城県仙台市太白区旗立２丁目４−１８,宮城県/仙台市/太白区/旗立/二丁目/４番,140.81389,38.22527,5.0,7.0
泉ヶ丘クリニック（桂一,23,0,0,0,1,1,0,0,0,0,4,3,1,5,〒981-3134 宮城県仙台市泉区桂１丁目１８−１,宮城県仙台市泉区桂１丁目１８−１,宮城県/仙台市/泉区/桂/一丁目/１８番,140.86354,38.3321,5.0,7.0
泉ヶ丘佐藤内科医院（泉ヶ丘四,1,0,0,0,0,0,0,0,0,0,0,0,0,0,〒981-3201 宮城県仙台市泉区泉ケ丘４丁目２７−１０ 泉ヶ丘佐藤内科,宮城県仙台市泉区泉ケ丘４丁目２７−１０ 泉ヶ丘佐藤内科,宮城県/仙台市/泉区/泉ケ丘/四丁目/２７番,140.86575,38.36114,5.0,7.0
泉七北田こどもの杜ＣＬ（七北田字東裏,1,0,0,0,1,0,1,0,0,0,0,0,0,1,〒981-3131 宮城県仙台市泉区七北田東裏２７−２,宮城県仙台市泉区七北田東裏２７−２,宮城県/仙台市/泉区/七北田/東裏/２７番地,140.89059,38.32458,5.0,7.0
泉中央こどもクリニック（泉中央三,2,0,0,0,1,1,0,0,0,0,0,0,0,1,〒981-3133 宮城県仙台市泉区泉中央３丁目２９−７ ウイング２１,宮城県仙台市泉区泉中央３丁目２９−７ ウイング２１,宮城県/仙台市/泉区/泉中央/三丁目/２９番,140.88574,38.32351,5.0,7.0
泉中央心療内科クリニック（泉中央三,2,0,0,0,0,0,0,0,0,0,0,0,0,0,〒981-3133 宮城県仙台市泉区泉中央３丁目２９−７ ウイング２１,宮城県仙台市泉区泉中央３丁目２９−７ ウイング２１,宮城県/仙台市/泉区/泉中央/三丁目/２９番,140.88574,38.32351,5.0,7.0
泉中央病院（上谷刈四,54,0,0,0,0,0,0,0,0,0,0,0,0,0,〒981-3121 宮城県仙台市泉区上谷刈４丁目１６−１４,宮城県仙台市泉区上谷刈４丁目１６−１４,宮城県/仙台市/泉区/上谷刈/四丁目/１６番,140.87572,38.31533,5.0,7.0
泉内科消化器科（泉中央二,1,0,0,0,0,0,0,0,0,0,0,0,0,0,〒981-3133 宮城県仙台市泉区泉中央２丁目１５−８,宮城県仙台市泉区泉中央２丁目１５−８,宮城県/仙台市/泉区/泉中央/二丁目/１５番,140.87756,38.32981,5.0,7.0
泉整形外科病院（上谷刈,1255,0,0,0,1,0,1,5,3,2,2,0,2,8,〒981-3121 宮城県仙台市泉区上谷刈丸山６−１,宮城県仙台市泉区上谷刈丸山６−１,宮城県/仙台市/泉区/上谷刈/丸太,140.86459,38.30835,5.0,6.0
泉松クリニック（松森字新田,5,0,0,0,0,0,0,0,0,0,0,0,0,0,〒981-3111 宮城県仙台市泉区松森新田 泉松クリニック 第2透析室,宮城県仙台市泉区松森新田 泉松クリニック 第2透析室,宮城県/仙台市/泉区/松森/新田,140.90593,38.30437,5.0,6.0
泉病院（長命ヶ丘二,2037,22,6,16,17,0,17,6,3,3,24,1,23,69,〒981-3212 宮城県仙台市泉区長命ケ丘２丁目１−１,宮城県仙台市泉区長命ケ丘２丁目１−１,宮城県/仙台市/泉区/長命ケ丘/二丁目/１番,140.8429,38.3162,5.0,7.0
泉黒沢クリニック（松森字陣ヶ原,2,0,0,0,0,0,0,0,0,0,0,0,0,0,〒981-3111 宮城県仙台市泉区松森陣ケ原２４−３,宮城県仙台市泉区松森陣ケ原２４−３,宮城県/仙台市/泉区/松森/陣ケ原,140.91026,38.30187,5.0,6.0
浅沼整形外科医院（長町四,24,0,0,0,0,0,0,0,0,0,0,0,0,0,〒982-0011 宮城県仙台市太白区長町４丁目７−１２,宮城県仙台市太白区長町４丁目７−１２,宮城県/仙台市/太白区/長町/四丁目/７番,140.88084,38.22958,5.0,7.0
浜田クリニック（若林一,2,0,0,0,0,0,0,0,0,0,0,0,0,0,〒984-0826 宮城県仙台市若林区若林１丁目１３−５−２,宮城県仙台市若林区若林１丁目１３−５−２,宮城県/仙台市/若林区/若林/一丁目/１３番,140.89609,38.23347,5.0,7.0
海瀬内科クリニック（木町通一,1,0,0,0,0,0,0,0,0,0,0,0,0,0,〒980-0801 宮城県仙台市青葉区木町通１丁目６−３２ 晩翠ウイングビル,宮城県仙台市青葉区木町通１丁目６−３２ 晩翠ウイングビル,宮城県/仙台市/青葉区/木町通/一丁目/６番,140.86504,38.26965,5.0,7.0
清水内科外科医院（若林五,18,2,0,2,0,0,0,0,0,0,1,0,1,3,〒984-0826 宮城県仙台市若林区若林５丁目４−５０ エステートピア蘭,宮城県仙台市若林区若林５丁目４−５０ エステートピア蘭,宮城県/仙台市/若林区/若林/五丁目/４番,140.90294,38.23064,5.0,7.0
清水内科小児科医院（萩野町二,1,0,0,0,0,0,0,0,0,0,0,0,0,0,〒983-0043 宮城県仙台市宮城野区萩野町２丁目１７−６,宮城県仙台市宮城野区萩野町２丁目１７−６,宮城県/仙台市/宮城野区/萩野町/二丁目/１７番,140.91205,38.25597,5.0,7.0
清水外科医院（新田一,7,1,0,1,1,0,1,0,0,0,0,0,0,2,〒983-0038 宮城県仙台市宮城野区新田１丁目２０−１０,宮城県仙台市宮城野区新田１丁目２０−１０,宮城県/仙台市/宮城野区/新田/一丁目/２０番,140.92001,38.27528,5.0,7.0
渋川内科医院（宮町五,8,0,0,0,1,0,1,0,0,0,0,0,0,1,〒980-0004 宮城県仙台市青葉区宮町５丁目１０−１５,宮城県仙台市青葉区宮町５丁目１０−１５,宮城県/仙台市/青葉区/宮町/五丁目/１０番,140.88763,38.27649,5.0,7.0
渡辺アイ整形外科胃腸内科,9,0,0,0,0,0,0,0,0,0,1,0,1,1,〒981-1102 宮城県仙台市太白区袋原４丁目３７−１０,宮城県仙台市太白区袋原４丁目３７−１０,宮城県/仙台市/太白区/袋原/四丁目/３７番,140.91599,38.19897,5.0,7.0
渡辺内科胃腸科医院（長町七,3,0,0,0,0,0,0,0,0,0,0,0,0,0,〒982-0011 宮城県仙台市太白区長町７丁目２−７,宮城県仙台市太白区長町７丁目２−７,宮城県/仙台市/太白区/長町/七丁目/２番,140.88126,38.22795,5.0,7.0
湯村医院（岩切字若宮前,2,0,0,0,0,0,0,0,0,0,1,0,1,1,〒983-0821 宮城県仙台市宮城野区岩切若宮前８２−１,宮城県仙台市宮城野区岩切若宮前８２−１,宮城県/仙台市/宮城野区/岩切/若宮前/８２番地,140.95023,38.30543,5.0,7.0
瀬上整形外科医院（中央二,3,0,0,0,0,0,0,0,0,0,0,0,0,0,〒980-0021 宮城県仙台市青葉区中央２丁目８−３２ 生活文化ビル 2階,宮城県仙台市青葉区中央２丁目８−３２ 生活文化ビル 2階,宮城県/仙台市/青葉区/中央/二丁目/８番,140.87486,38.26183,5.0,7.0
瀬野整形外科医院（中央二,6,0,0,0,0,0,0,0,0,0,0,0,0,0,〒980-0021 宮城県仙台市青葉区中央２丁目２−５ あおば通駅前ビル ５階,宮城県仙台市青葉区中央２丁目２−５ あおば通駅前ビル ５階,宮城県/仙台市/青葉区/中央/二丁目/２番,140.87701,38.26095,5.0,7.0
熊坂皮フ科クリニック（鶴ヶ谷五,1,0,0,0,0,0,0,0,0,0,0,0,0,0,〒983-0824 宮城県仙台市宮城野区鶴ケ谷５丁目１５−２,宮城県仙台市宮城野区鶴ケ谷５丁目１５−２,宮城県/仙台市/宮城野区/鶴ケ谷/五丁目/１５番,140.91228,38.29448,5.0,7.0
片平丁伊藤整形外科（一番丁一,1,0,0,0,0,0,0,0,0,0,0,0,0,0,〒980-0811 宮城県仙台市青葉区一番町１丁目１５−１５,宮城県仙台市青葉区一番町１丁目１５−１５,宮城県/仙台市/青葉区/一番町/一丁目/１５番,140.87129,38.2564,5.0,7.0
牛込医院（南光台七,9,0,0,0,0,0,0,0,0,0,1,0,1,1,〒981-8003 宮城県仙台市泉区南光台７丁目５−２７,宮城県仙台市泉区南光台７丁目５−２７,宮城県/仙台市/泉区/南光台/七丁目/５番,140.90218,38.29903,5.0,7.0
田中こどもクリニック（花京院二丁目,3,0,0,0,2,2,0,0,0,0,2,2,0,4,〒980-0013 宮城県仙台市青葉区花京院２丁目２−１１ 区画A,宮城県仙台市青葉区花京院２丁目２−１１ 区画A,宮城県/仙台市/青葉区/花京院/二丁目/２番,140.88173,38.26691,5.0,7.0
田島内科医院（萩野町一,1,0,0,0,0,0,0,0,0,0,0,0,0,0,〒983-0043 宮城県仙台市宮城野区萩野町１丁目１１−１ 萩野町Ｍビル １Ｆ,宮城県仙台市宮城野区萩野町１丁目１１−１ 萩野町Ｍビル １Ｆ,宮城県/仙台市/宮城野区/萩野町/一丁目/１１番,140.91168,38.25796,5.0,7.0
田所ハートクリニック（岩切字洞ノ口,3,0,0,0,0,0,0,0,0,0,0,0,0,0,〒983-0821 宮城県仙台市宮城野区岩切洞ノ口２２９−５,宮城県仙台市宮城野区岩切洞ノ口２２９−５,宮城県/仙台市/宮城野区/岩切/洞ノ口/２２９番地,140.95195,38.30425,5.0,7.0
畑岡内科クリニック（寺岡一,2,0,0,0,0,0,0,0,0,0,0,0,0,0,〒981-3204 宮城県仙台市泉区寺岡１丁目２−１,宮城県仙台市泉区寺岡１丁目２−１,宮城県/仙台市/泉区/寺岡/一丁目/２番,140.83604,38.3355,5.0,7.0
登米市立登米市民病院（登米市,2,0,0,0,0,0,0,0,0,0,0,0,0,0,〒987-0511 宮城県登米市迫町佐沼下田中２５,宮城県登米市迫町佐沼下田中２５,宮城県/登米市/迫町佐沼/下田中/２５番地,141.19231,38.6872,5.0,7.0
白木原クリニック（南光台七,2,0,0,0,0,0,0,0,0,0,0,0,0,0,〒981-8003 宮城県仙台市泉区南光台７丁目１−９６,宮城県仙台市泉区南光台７丁目１−９６,宮城県/仙台市/泉区/南光台/七丁目/１番,140.89815,38.30076,5.0,7.0
白根胃腸クリニック（上杉二,1,0,0,0,0,0,0,0,0,0,0,0,0,0,〒980-0011 宮城県仙台市青葉区上杉２丁目１−３０,宮城県仙台市青葉区上杉２丁目１−３０,宮城県/仙台市/青葉区/上杉/二丁目/１番,140.87286,38.27347,5.0,7.0
相田内科医院（荒巻本沢三,7,1,1,0,2,2,0,0,0,0,1,1,0,4,〒981-0966 宮城県仙台市青葉区荒巻本沢３丁目１６−５,宮城県仙台市青葉区荒巻本沢３丁目１６−５,宮城県/仙台市/青葉区/荒巻本沢/三丁目/１６番,140.85577,38.29243,5.0,7.0
県こども病院（落合四,798,7,6,1,44,34,10,0,0,0,26,24,2,77,〒989-3126 宮城県仙台市青葉区落合４丁目３−１７,宮城県仙台市青葉区落合４丁目３−１７,宮城県/仙台市/青葉区/落合/四丁目/３番,140.78273,38.27483,5.0,7.0
県立精神医療センター（名取市,178,2,0,2,0,0,0,0,0,0,0,0,0,2,〒981-1231 宮城県名取市手倉田山無番地,宮城県名取市手倉田山無番地,宮城県/名取市/手倉田/山,140.86876,38.1635,5.0,6.0
矢口クリニック（富沢西四丁目,1,0,0,0,0,0,0,0,0,0,1,0,1,1,〒982-0037 宮城県仙台市太白区富沢鍛冶屋敷３７−１,宮城県仙台市太白区富沢鍛冶屋敷３７−１,宮城県/仙台市/太白区/富沢,140.86816,38.21778,5.0,5.0
矢野内科クリニック（中山台二,2,0,0,0,0,0,0,0,0,0,0,0,0,0,〒989-3202 宮城県仙台市青葉区中山台２丁目２６−１４,宮城県仙台市青葉区中山台２丁目２６−１４,宮城県/仙台市/青葉区/中山台/二丁目/２６番,140.81725,38.30217,5.0,7.0
石川内科医院（八幡二,8,1,1,0,0,0,0,0,0,0,0,0,0,1,〒980-0871 宮城県仙台市青葉区八幡２丁目１８−２,宮城県仙台市青葉区八幡２丁目１８−２,宮城県/仙台市/青葉区/八幡/二丁目/１８番,140.85022,38.27391,5.0,7.0
石巻赤十字病院（石巻市蛇田,21,0,0,0,2,0,2,0,0,0,4,0,4,6,〒986-0861 宮城県石巻市蛇田西道下７１,宮城県石巻市蛇田西道下７１,宮城県/石巻市/蛇田/西道下/７１番地,141.27919,38.45883,5.0,7.0
石田医院（連坊小路,1,0,0,0,0,0,0,0,0,0,0,0,0,0,〒984-0053 宮城県仙台市若林区連坊小路５３,宮城県仙台市若林区連坊小路５３,宮城県/仙台市/若林区/連坊小路,140.88919,38.25111,5.0,5.0
神尾眼科（五輪二,2,0,0,0,0,0,0,0,0,0,0,0,0,0,〒983-0842 宮城県仙台市宮城野区五輪２丁目９−１０ ミコノスビル,宮城県仙台市宮城野区五輪２丁目９−１０ ミコノスビル,宮城県/仙台市/宮城野区/五輪/二丁目/９番,140.90599,38.26471,5.0,7.0
神林耳鼻咽喉科医院（中山四,1,0,0,0,0,0,0,0,0,0,0,0,0,0,,,,,,,
福井医院（東宮城野,1,0,0,0,0,0,0,0,0,0,0,0,0,0,〒983-0042 宮城県仙台市宮城野区東宮城野４,宮城県仙台市宮城野区東宮城野４,宮城県/仙台市/宮城野区/東宮城野/４番,140.9198,38.26033,5.0,7.0
福住クリニック（福住町,3,0,0,0,0,0,0,0,0,0,0,0,0,0,〒983-0033 宮城県仙台市宮城野区福住町４−１６,宮城県仙台市宮城野区福住町４−１６,宮城県/仙台市/宮城野区/福住町/４番,140.95172,38.27369,5.0,7.0
福室みみはなのどクリニック（福室四,4,0,0,0,0,0,0,0,0,0,0,0,0,0,〒983-0005 宮城県仙台市宮城野区宮城野区福室４丁目１８−１８,宮城県仙台市宮城野区宮城野区福室４丁目１８−１８,宮城県/仙台市/宮城野区/宮城野,140.89862,38.25761,5.0,5.0
福室クリニック（福室五,1,0,0,0,0,0,0,0,0,0,0,0,0,0,〒983-0005 宮城県仙台市宮城野区福室５丁目１３−１５,宮城県仙台市宮城野区福室５丁目１３−１５,宮城県/仙台市/宮城野区/福室/五丁目/１３番,140.9729,38.28164,5.0,7.0
福田内科クリニック（泉中央一,4,2,1,1,0,0,0,0,0,0,0,0,0,2,〒981-3133 宮城県仙台市泉区泉中央１丁目１７−１,宮城県仙台市泉区泉中央１丁目１７−１,宮城県/仙台市/泉区/泉中央/一丁目/１７番,140.87935,38.32425,5.0,7.0
結城クリニック（上飯田字天神,9,1,1,0,0,0,0,0,0,0,0,0,0,1,〒984-0838 宮城県仙台市若林区上飯田天神１０８−４,宮城県仙台市若林区上飯田天神１０８−４,宮城県/仙台市/若林区/上飯田/天神/１０８番地,140.92247,38.21853,5.0,7.0
緑の里クリニック（岩沼市,2,0,0,0,0,0,0,0,0,0,0,0,0,0,〒989-2455 宮城県岩沼市北長谷畑向山南２７−２,宮城県岩沼市北長谷畑向山南２７−２,宮城県/岩沼市/北長谷/畑向山南/２７番地,140.83632,38.10936,5.0,7.0
緑ヶ丘病院（塩釜市,5,0,0,0,0,0,0,0,0,0,0,0,0,0,〒985-0045 宮城県塩竈市西玉川町１−１６,宮城県塩竈市西玉川町１−１６,宮城県/塩竈市/西玉川町/１番,141.00198,38.31018,5.0,7.0
羽二生クリニック（柏木二,1,1,1,0,0,0,0,0,0,0,0,0,0,1,〒981-0933 宮城県仙台市青葉区柏木２丁目２−１４,宮城県仙台市青葉区柏木２丁目２−１４,宮城県/仙台市/青葉区/柏木/二丁目/２番,140.85628,38.27217,5.0,7.0
脳神経内科クリニック仙台（中央三,19,0,0,0,0,0,0,0,0,0,0,0,0,0,〒980-0021 宮城県仙台市青葉区中央３丁目１−２２ ６Ｆ,宮城県仙台市青葉区中央３丁目１−２２ ６Ｆ,宮城県/仙台市/青葉区/中央/三丁目/１番,140.87874,38.26047,5.0,7.0
自衛隊仙台病院（南目館,11,0,0,0,0,0,0,0,0,0,0,0,0,0,〒983-0041 宮城県仙台市宮城野区南目館１−１,宮城県仙台市宮城野区南目館１−１,宮城県/仙台市/宮城野区/南目館/１番,140.91599,38.26226,5.0,7.0
興野内科（松が丘,1,0,0,0,0,0,0,0,0,0,0,0,0,0,〒982-0821 宮城県仙台市太白区松が丘８−１０,宮城県仙台市太白区松が丘８−１０,宮城県/仙台市/太白区/松が丘/８番,140.84955,38.2427,5.0,7.0
舘下診療所（長町五,4,0,0,0,0,0,0,0,0,0,0,0,0,0,〒982-0011 宮城県仙台市太白区長町５丁目２−１６ アムールシャトー,宮城県仙台市太白区長町５丁目２−１６ アムールシャトー,宮城県/仙台市/太白区/長町/五丁目/２番,140.88371,38.22561,5.0,7.0
色川内科小児科医院（福田町二,3,0,0,0,0,0,0,0,0,0,0,0,0,0,〒983-0023 宮城県仙台市宮城野区福田町２丁目５−１３,宮城県仙台市宮城野区福田町２丁目５−１３,宮城県/仙台市/宮城野区/福田町/二丁目/５番,140.96112,38.26857,5.0,7.0
花だて内科循環器科（大野田五,2,0,0,0,0,0,0,0,0,0,0,0,0,0,〒982-0014 宮城県仙台市太白区大野田５丁目３８−３,宮城県仙台市太白区大野田５丁目３８−３,宮城県/仙台市/太白区/大野田/五丁目,140.8752,38.21676,5.0,6.0
花壇医院（花壇,1,0,0,0,0,0,0,0,0,0,0,0,0,0,〒980-0815 宮城県仙台市青葉区花壇５−３,宮城県仙台市青葉区花壇５−３,宮城県/仙台市/青葉区/花壇/５番,140.86276,38.25505,5.0,7.0
花水こどもクリニック（泉崎一,4,0,0,0,0,0,0,0,0,0,0,0,0,0,〒982-0031 宮城県仙台市太白区泉崎１丁目３２−１５,宮城県仙台市太白区泉崎１丁目３２−１５,宮城県/仙台市/太白区/泉崎/一丁目/３２番,140.86662,38.21936,5.0,7.0
花田消化器科・内科（南光台三,1,0,0,0,0,0,0,0,0,0,0,0,0,0,〒981-8003 宮城県仙台市泉区南光台３丁目１８−５,宮城県仙台市泉区南光台３丁目１８−５,宮城県/仙台市/泉区/南光台/三丁目/１８番,140.89276,38.29676,5.0,7.0
芳縁ファミリークリニック（松陵四,1,0,0,0,0,0,0,0,0,0,0,0,0,0,〒981-3108 宮城県仙台市泉区松陵４丁目２−５,宮城県仙台市泉区松陵４丁目２−５,宮城県/仙台市/泉区/松陵/四丁目/２番,140.91383,38.33128,5.0,7.0
若山医院　内科・循環器内科（東勝山三,2,0,0,0,0,0,0,0,0,0,0,0,0,0,〒981-0923 宮城県仙台市青葉区東勝山３丁目４−５,宮城県仙台市青葉区東勝山３丁目４−５,宮城県/仙台市/青葉区/東勝山/三丁目/４番,140.86292,38.29649,5.0,7.0
若林病院　東北医科薬科大学（大和町二,1586,43,21,22,90,24,66,1,1,0,132,40,92,266,〒984-0042 宮城県仙台市若林区大和町２丁目２９−１,宮城県仙台市若林区大和町２丁目２９−１,宮城県/仙台市/若林区/大和町/二丁目/２９番,140.91089,38.24657,5.0,7.0
茂庭台診療所（茂庭台二,1,0,0,0,0,0,0,0,0,0,0,0,0,0,〒982-0252 宮城県仙台市太白区茂庭台２丁目１６−１０ 介護老人保健施設茂庭台庭豊齢ホーム,宮城県仙台市太白区茂庭台２丁目１６−１０ 介護老人保健施設茂庭台庭豊齢ホーム,宮城県/仙台市/太白区/茂庭台/二丁目/１６番,140.78297,38.23315,5.0,7.0
草刈内科医院（東照宮二,3,0,0,0,0,0,0,0,0,0,0,0,0,0,〒981-0908 宮城県仙台市青葉区東照宮２丁目１−２,宮城県仙台市青葉区東照宮２丁目１−２,宮城県/仙台市/青葉区/東照宮/二丁目/１番,140.88538,38.27769,5.0,7.0
草刈耳鼻咽喉科医院（原町二,4,0,0,0,0,0,0,0,0,0,0,0,0,0,〒983-0841 宮城県仙台市宮城野区原町２丁目３−６１,宮城県仙台市宮城野区原町２丁目３−６１,宮城県/仙台市/宮城野区/原町/二丁目/３番,140.90337,38.26497,5.0,7.0
荒井西ゆずの木整形外科クリニック（なない,4,0,0,0,0,0,0,0,0,0,0,0,0,0,〒984-0017 宮城県仙台市若林区なないろの里２丁目１−１,宮城県仙台市若林区なないろの里２丁目１−１,宮城県/仙台市/若林区/なないろの里/二丁目/１番,140.9306,38.24295,5.0,7.0
荒巻なべクリニック（荒巻本沢三,8,0,0,0,0,0,0,0,0,0,0,0,0,0,〒981-0966 宮城県仙台市青葉区荒巻本沢３丁目１−７,宮城県仙台市青葉区荒巻本沢３丁目１−７,宮城県/仙台市/青葉区/荒巻本沢/三丁目/１番,140.85716,38.28927,5.0,7.0
菊地内科クリニック（東中田一,2,0,0,0,0,0,0,0,0,0,0,0,0,0,〒981-1107 宮城県仙台市太白区東中田１丁目１８−３０,宮城県仙台市太白区東中田１丁目１８−３０,宮城県/仙台市/太白区/東中田/一丁目/１８番,140.90233,38.20348,5.0,7.0
菊地胃腸科内科医院（春日町,1,0,0,0,0,0,0,0,0,0,0,0,0,0,〒980-0821 宮城県仙台市青葉区春日町１０−３０,宮城県仙台市青葉区春日町１０−３０,宮城県/仙台市/青葉区/春日町/１０番,140.86348,38.26704,5.0,7.0
葵会仙台病院（荒井東一,15,1,0,1,0,0,0,0,0,0,0,0,0,1,〒984-0030 宮城県仙台市若林区荒井東１丁目６−８,宮城県仙台市若林区荒井東１丁目６−８,宮城県/仙台市/若林区/荒井東/一丁目/６番,140.94933,38.24089,5.0,7.0
藤原外科医院（長町五,5,0,0,0,0,0,0,0,0,0,0,0,0,0,〒982-0011 宮城県仙台市太白区長町５丁目９−１５,宮城県仙台市太白区長町５丁目９−１５,宮城県/仙台市/太白区/長町/五丁目/９番,140.88205,38.22715,5.0,7.0
虹の丘小児科内科クリニック（虹の丘一,4,0,0,0,0,0,0,0,0,0,0,0,0,0,〒981-8007 宮城県仙台市泉区虹の丘１丁目１１−１６,宮城県仙台市泉区虹の丘１丁目１１−１６,宮城県/仙台市/泉区/虹の丘/一丁目/１１番,140.87219,38.30587,5.0,7.0
西中田中央内科小児科（西中田五,3,0,0,0,1,0,1,0,0,0,1,0,1,2,〒981-1105 宮城県仙台市太白区西中田５丁目１２−１２,宮城県仙台市太白区西中田５丁目１２−１２,宮城県/仙台市/太白区/西中田/五丁目/１２番,140.87627,38.19632,5.0,7.0
西仙台病院（芋沢字新田,1,0,0,0,0,0,0,0,0,0,0,0,0,0,〒989-3212 宮城県仙台市青葉区芋沢新田５４−４,宮城県仙台市青葉区芋沢新田５４−４,宮城県/仙台市/青葉区/芋沢/新田/５４番地,140.74197,38.27525,5.0,7.0
西多賀・やまだ内科糖尿病クリニック,2,0,0,0,1,0,1,0,0,0,1,0,1,2,〒982-0034 宮城県仙台市太白区西多賀３丁目５−１８,宮城県仙台市太白区西多賀３丁目５−１８,宮城県/仙台市/太白区/西多賀/三丁目/５番,140.85439,38.22268,5.0,7.0
西多賀病院（鈎取本町二,115,1,1,0,2,0,2,0,0,0,3,0,3,6,〒982-0805 宮城県仙台市太白区鈎取本町２丁目１１−１１ 独立行政法人 国立病院機構 仙台西多賀病院 ２階,宮城県仙台市太白区鈎取本町２丁目１１−１１ 独立行政法人 国立病院機構 仙台西多賀病院 ２階,宮城県/仙台市/太白区/鈎取本町/二丁目/１１番,140.83415,38.22691,5.0,7.0
西多賀耳鼻咽喉科クリニック（西多賀四,2,0,0,0,0,0,0,0,0,0,0,0,0,0,〒982-0034 宮城県仙台市太白区西多賀４丁目１０−７,宮城県仙台市太白区西多賀４丁目１０−７,宮城県/仙台市/太白区/西多賀/四丁目/１０番,140.851,38.22276,5.0,7.0
西尾美枝子整形外科医院（上飯田一,10,0,0,0,0,0,0,0,0,0,0,0,0,0,〒984-0838 宮城県仙台市若林区上飯田１丁目８−２１,宮城県仙台市若林区上飯田１丁目８−２１,宮城県/仙台市/若林区/上飯田/一丁目/８番,140.91502,38.22071,5.0,7.0
西沢脳神経外科クリニック（土樋,60,1,1,0,0,0,0,1,0,1,0,0,0,2,〒984-0065 宮城県仙台市若林区土樋６２,宮城県仙台市若林区土樋６２,宮城県/仙台市/若林区/土樋/６２番地,140.88322,38.2473,5.0,7.0
谷整形外科クリニック（東中田四,32,0,0,0,0,0,0,0,0,0,0,0,0,0,〒981-1107 宮城県仙台市太白区東中田４丁目２２−２,宮城県仙台市太白区東中田４丁目２２−２,宮城県/仙台市/太白区/東中田/四丁目/２２番,140.90796,38.19746,5.0,7.0
貝ヶ森木村医院（貝ヶ森六,2,1,1,0,0,0,0,0,0,0,0,0,0,1,〒981-0942 宮城県仙台市青葉区貝ケ森６丁目１５−８,宮城県仙台市青葉区貝ケ森６丁目１５−８,宮城県/仙台市/青葉区/貝ケ森/六丁目/１５番,140.84419,38.28423,5.0,7.0
貝山中央病院（大町二,13,0,0,0,0,0,0,0,0,0,0,0,0,0,〒980-0804 宮城県仙台市青葉区大町２丁目１２−８,宮城県仙台市青葉区大町２丁目１２−８,宮城県/仙台市/青葉区/大町/二丁目/１２番,140.86673,38.26077,5.0,7.0
赤石病院（塩釜市,22,0,0,0,1,0,1,0,0,0,1,0,1,2,〒985-0023 宮城県塩竈市花立町２２−４２,宮城県塩竈市花立町２２−４２,宮城県/塩竈市/花立町/２２番,141.01932,38.30724,5.0,7.0
遠藤クリニック（福田町一,3,0,0,0,0,0,0,0,0,0,0,0,0,0,〒983-0023 宮城県仙台市宮城野区福田町１丁目１−１８,宮城県仙台市宮城野区福田町１丁目１−１８,宮城県/仙台市/宮城野区/福田町/一丁目/１番,140.9604,38.27115,5.0,7.0
遠藤外科医院（小田原六,1,0,0,0,0,0,0,0,0,0,0,0,0,0,〒980-0003 宮城県仙台市青葉区小田原６丁目５−３７,宮城県仙台市青葉区小田原６丁目５−３７,宮城県/仙台市/青葉区/小田原/六丁目/５番,140.88683,38.27186,5.0,7.0
野口胃腸科内科医院（幸町一,1,0,0,0,0,0,0,0,0,0,0,0,0,0,〒983-0836 宮城県仙台市宮城野区幸町１丁目１７−３２,宮城県仙台市宮城野区幸町１丁目１７−３２,宮城県/仙台市/宮城野区/幸町/一丁目/１７番,140.89503,38.27823,5.0,7.0
野村宏脳神経内科クリニック（木町通一,7,0,0,0,0,0,0,0,0,0,0,0,0,0,〒980-0801 宮城県仙台市青葉区木町通１丁目５−１２ レイール木町ビル ４階,宮城県仙台市青葉区木町通１丁目５−１２ レイール木町ビル ４階,宮城県/仙台市/青葉区/木町通/一丁目/５番,140.86395,38.26951,5.0,7.0
金子耳鼻咽喉科（国見二,1,0,0,0,0,0,0,0,0,0,0,0,0,0,〒981-0943 宮城県仙台市青葉区国見２丁目９−１４,宮城県仙台市青葉区国見２丁目９−１４,宮城県/仙台市/青葉区/国見/二丁目/９番,140.84569,38.27589,5.0,7.0
金淵整形外科クリニック（将監二,8,0,0,0,0,0,0,0,0,0,0,0,0,0,〒981-3132 宮城県仙台市泉区将監２丁目１２−１,宮城県仙台市泉区将監２丁目１２−１,宮城県/仙台市/泉区/将監/二丁目/１２番,140.88393,38.33136,5.0,7.0
鈴木内科小児科（長町南三,2,1,0,1,0,0,0,0,0,0,0,0,0,1,〒982-0012 宮城県仙台市太白区長町南３丁目３５−１,宮城県仙台市太白区長町南３丁目３５−１,宮城県/仙台市/太白区/長町南/三丁目/３５番,140.87535,38.2197,5.0,7.0
鈴木研一内科クリニック（長町三,2,0,0,0,0,0,0,0,0,0,0,0,0,0,〒982-0011 宮城県仙台市太白区長町３丁目３−６ ロイヤルシャトー長町,宮城県仙台市太白区長町３丁目３−６ ロイヤルシャトー長町,宮城県/仙台市/太白区/長町/三丁目/３番,140.88565,38.22992,5.0,7.0
鈴木耳鼻咽喉科アレルギー科医院,2,0,0,0,0,0,0,0,0,0,0,0,0,0,〒980-0022 宮城県仙台市青葉区五橋２丁目１−１７ Cube,宮城県仙台市青葉区五橋２丁目１−１７ Cube,宮城県/仙台市/青葉区/五橋/二丁目/１番,140.88051,38.25208,5.0,7.0
錦ヶ丘ヒルズクリニック（錦ヶ丘七,1,0,0,0,0,0,0,0,0,0,0,0,0,0,〒989-3123 宮城県仙台市青葉区錦ケ丘７丁目２０−２,宮城県仙台市青葉区錦ケ丘７丁目２０−２,宮城県/仙台市/青葉区/錦ケ丘/七丁目/２０番,140.75903,38.25706,5.0,7.0
長命ヶ丘・針生・舟田ＣＬ（長命ヶ丘二,3,0,0,0,0,0,0,0,0,0,0,0,0,0,〒981-3212 宮城県仙台市泉区長命ケ丘２丁目１７−２,宮城県仙台市泉区長命ケ丘２丁目１７−２,宮城県/仙台市/泉区/長命ケ丘/二丁目/１７番,140.84375,38.31057,5.0,7.0
長命ヶ丘内科クリニック（長命ヶ丘六,2,0,0,0,0,0,0,0,0,0,0,0,0,0,〒981-3212 宮城県仙台市泉区長命ケ丘６丁目１５−７,宮城県仙台市泉区長命ケ丘６丁目１５−７,宮城県/仙台市/泉区/長命ケ丘/六丁目/１５番,140.82974,38.31201,5.0,7.0
長島内科医院（一本杉町,5,0,0,0,0,0,0,0,0,0,0,0,0,0,〒984-0828 宮城県仙台市若林区一本杉町１８−１１,宮城県仙台市若林区一本杉町１８−１１,宮城県/仙台市/若林区/一本杉町/１８番,140.90411,38.24474,5.0,7.0
長池産婦人科（中央三,6,0,0,0,0,0,0,0,0,0,0,0,0,0,〒980-0021 宮城県仙台市青葉区中央３丁目４−２,宮城県仙台市青葉区中央３丁目４−２,宮城県/仙台市/青葉区/中央/三丁目/４番,140.87651,38.25923,5.0,7.0
長町三好耳鼻咽喉科医院（長町三,12,0,0,0,0,0,0,0,0,0,0,0,0,0,〒982-0011 宮城県仙台市太白区太白区長町３丁目２−１−１,宮城県仙台市太白区太白区長町３丁目２−１−１,宮城県/仙台市/太白区/太白,140.81935,38.23201,5.0,5.0
長町南たかの整形外科,2,0,0,0,0,0,0,0,0,0,0,0,0,0,〒982-0031 宮城県仙台市太白区泉崎２丁目１−番23号,宮城県仙台市太白区泉崎２丁目１−番23号,宮城県/仙台市/太白区/泉崎/二丁目/１番,140.8676,38.22323,5.0,7.0
長町南めまい耳鼻咽喉科クリニック,6,0,0,0,0,0,0,0,0,0,0,0,0,0,〒982-0012 宮城県仙台市太白区長町南４丁目２２−１−１,宮城県仙台市太白区長町南４丁目２２−１−１,宮城県/仙台市/太白区/長町南/四丁目/２２番,140.87405,38.21907,5.0,7.0
長町南クリニック（長町南二,2,0,0,0,0,0,0,0,0,0,0,0,0,0,〒982-0012 宮城県仙台市太白区長町南２丁目６−５,宮城県仙台市太白区長町南２丁目６−５,宮城県/仙台市/太白区/長町南/二丁目/６番,140.87927,38.22012,5.0,7.0
長町病院（長町三,317,9,4,5,9,1,8,0,0,0,20,6,14,38,〒982-0011 宮城県仙台市太白区長町３丁目７−２６,宮城県仙台市太白区長町３丁目７−２６,宮城県/仙台市/太白区/長町/三丁目/７番,140.88449,38.23015,5.0,7.0
長谷川小児科医院（泉中央三,3,1,1,0,1,0,1,0,0,0,0,0,0,2,〒981-3133 宮城県仙台市泉区泉中央３丁目１−９,宮城県仙台市泉区泉中央３丁目１−９,宮城県/仙台市/泉区/泉中央/三丁目/１番,140.88327,38.32466,5.0,7.0
長野内科医院（通町二,5,0,0,0,0,0,0,0,0,0,1,0,1,1,〒981-0915 宮城県仙台市青葉区通町２丁目１７−１９,宮城県仙台市青葉区通町２丁目１７−１９,宮城県/仙台市/青葉区/通町/二丁目/１７番,140.86707,38.28123,5.0,7.0
門間医院（八本松一,2,1,0,1,0,0,0,0,0,0,0,0,0,1,〒982-0001 宮城県仙台市太白区八本松１丁目４−１７,宮城県仙台市太白区八本松１丁目４−１７,宮城県/仙台市/太白区/八本松/一丁目/４番,140.89049,38.23179,5.0,7.0
阿部内科神経科医院（小鶴一,1,1,1,0,0,0,0,0,0,0,0,0,0,1,〒983-0031 宮城県仙台市宮城野区小鶴１丁目１−１１,宮城県仙台市宮城野区小鶴１丁目１−１１,宮城県/仙台市/宮城野区/小鶴/一丁目/１番,140.92519,38.28367,5.0,7.0
阿部内視鏡内科（川内川前丁,2,0,0,0,0,0,0,0,0,0,0,0,0,0,〒980-0852 宮城県仙台市青葉区川内川前丁５,宮城県仙台市青葉区川内川前丁５,宮城県/仙台市/青葉区/川内川前丁/５番地,140.85953,38.26292,5.0,7.0
阿部医院（岩切字洞ノ口,1,0,0,0,0,0,0,0,0,0,0,0,0,0,〒983-0821 宮城県仙台市宮城野区岩切洞ノ口１９０−４,宮城県仙台市宮城野区岩切洞ノ口１９０−４,宮城県/仙台市/宮城野区/岩切/洞ノ口/１９０番地,140.95329,38.30146,5.0,7.0
青沼内科医院（郡山三,1,0,0,0,0,0,0,0,0,0,0,0,0,0,〒982-0003 宮城県仙台市太白区郡山３丁目２２−６〒982-0003 宮城県仙台市太白区郡山３丁目２２−６,宮城県仙台市太白区郡山３丁目２２−６〒982-0003 宮城県仙台市太白区郡山３丁目２２−６,宮城県/仙台市/太白区/郡山/三丁目/２２番,140.89333,38.22435,5.0,7.0
青空クリニック（田子西二,2,0,0,0,0,0,0,0,0,0,0,0,0,0,〒983-0026 宮城県仙台市宮城野区田子西２丁目８−３,宮城県仙台市宮城野区田子西２丁目８−３,宮城県/仙台市/宮城野区/田子西/二丁目,140.95842,38.28493,5.0,6.0
青葉おおしお総合クリニック（通町二丁目,2,0,0,0,0,0,0,0,0,0,0,0,0,0,〒981-0915 宮城県仙台市青葉区通町２丁目１２−１,宮城県仙台市青葉区通町２丁目１２−１,宮城県/仙台市/青葉区/通町/二丁目/１２番,140.86392,38.27962,5.0,7.0
青葉なかやま内科（中山一丁目,4,1,0,1,1,0,1,0,0,0,0,0,0,2,〒981-0952 宮城県仙台市青葉区中山１丁目１−１１,宮城県仙台市青葉区中山１丁目１−１１,宮城県/仙台市/青葉区/中山/一丁目/１番,140.8472,38.2892,5.0,7.0
青葉病院（幸町三,39,0,0,0,0,0,0,0,0,0,0,0,0,0,〒983-0836 宮城県仙台市宮城野区幸町３丁目１５−２０,宮城県仙台市宮城野区幸町３丁目１５−２０,宮城県/仙台市/宮城野区/幸町/三丁目/１５番,140.90405,38.27734,5.0,7.0
青葉耳鼻咽喉科医院（八乙女中央三,1,0,0,0,0,0,0,0,0,0,0,0,0,0,〒981-3135 宮城県仙台市泉区八乙女中央３丁目２−２０ 青葉医院メディカルビル,宮城県仙台市泉区八乙女中央３丁目２−２０ 青葉医院メディカルビル,宮城県/仙台市/泉区/八乙女中央/三丁目/２番,140.88361,38.31478,5.0,7.0
馬場眼科（中央三,2,0,0,0,0,0,0,0,0,0,0,0,0,0,〒980-0021 宮城県仙台市青葉区中央３丁目１−２４ 荘銀ビル ４Ｆ,宮城県仙台市青葉区中央３丁目１−２４ 荘銀ビル ４Ｆ,宮城県/仙台市/青葉区/中央/三丁目/１番,140.87874,38.26047,5.0,7.0
高木外科胃腸科医院（南中山二,10,0,0,0,0,0,0,0,0,0,0,0,0,0,〒981-3213 宮城県仙台市泉区南中山２丁目２７−１,宮城県仙台市泉区南中山２丁目２７−１,宮城県/仙台市/泉区/南中山/二丁目/２７番,140.82971,38.30839,5.0,7.0
高柳医院（堰場,3,1,0,1,0,0,0,0,0,0,0,0,0,1,〒984-0817 宮城県仙台市若林区堰場１,宮城県仙台市若林区堰場１,宮城県/仙台市/若林区/堰場/１番地,140.88666,38.2422,5.0,7.0
高森こういちクリニック（野村字筒岫屋敷,3,1,0,1,0,0,0,0,0,0,0,0,0,1,〒981-3124 宮城県仙台市泉区野村筒岫屋敷１８−２,宮城県仙台市泉区野村筒岫屋敷１８−２,宮城県/仙台市/泉区/野村,140.85849,38.32821,5.0,5.0
高森クリニック（高森四,3,0,0,0,0,0,0,0,0,0,0,0,0,0,〒981-3203 宮城県仙台市泉区高森４丁目６−６,宮城県仙台市泉区高森４丁目６−６,宮城県/仙台市/泉区/高森/四丁目/６番地,140.8495,38.33312,5.0,7.0
高砂内科・消化器内科クリニック（高砂一,3,0,0,0,0,0,0,0,0,0,0,0,0,0,〒983-0014 宮城県仙台市宮城野区高砂１丁目２９−４ フロンティア高砂 １０３号室,宮城県仙台市宮城野区高砂１丁目２９−４ フロンティア高砂 １０３号室,宮城県/仙台市/宮城野区/高砂/一丁目/２９番,140.97086,38.26926,5.0,7.0
高野原曽木医院（高野原四,12,0,0,0,0,0,0,0,0,0,0,0,0,0,〒989-3216 宮城県仙台市青葉区高野原４丁目１０−１４,宮城県仙台市青葉区高野原４丁目１０−１４,宮城県/仙台市/青葉区/高野原/四丁目/１０番,140.75467,38.29039,5.0,7.0
鬼怒川産婦人科（小田原六,2,0,0,0,0,0,0,0,0,0,0,0,0,0,〒980-0003 宮城県仙台市青葉区小田原６丁目６−１,宮城県仙台市青葉区小田原６丁目６−１,宮城県/仙台市/青葉区/小田原/六丁目/６番,140.8864,38.27216,5.0,7.0
鶴ケ谷クリニック（鶴ヶ谷舘下,3,0,0,0,0,0,0,0,0,0,0,0,0,0,〒983-0824 宮城県仙台市宮城野区鶴ケ谷舘下,宮城県仙台市宮城野区鶴ケ谷舘下,宮城県/仙台市/宮城野区/鶴ケ谷/舘下,140.91875,38.29728,5.0,6.0
黒松内科すぎもとクリニック,2,0,0,0,0,0,0,0,0,0,0,0,0,0,〒981-8006 宮城県仙台市泉区黒松１丁目３１−９ 杉本ビル,宮城県仙台市泉区黒松１丁目３１−９ 杉本ビル,宮城県/仙台市/泉区/黒松/一丁目/３１番,140.88516,38.30446,5.0,7.0
齋藤病院（石巻市,1,0,0,0,0,0,0,0,0,0,0,0,0,0,〒986-0873 宮城県石巻市山下町１丁目７−２４,宮城県石巻市山下町１丁目７−２４,宮城県/石巻市/山下町/一丁目/７番,141.29376,38.43248,5.0,7.0
ＪＣＨＯ仙台南病院（中田町前沖,1582,33,13,20,78,25,53,0,0,0,107,38,69,218,〒981-1103 宮城県仙台市太白区中田町前沖１４３,宮城県仙台市太白区中田町前沖１４３,宮城県/仙台市/太白区/中田町/前沖/１４３番地,140.89757,38.19056,5.0,7.0
ＪＣＨＯ仙台病院（紫山二,2590,45,26,19,76,31,45,2,1,1,89,28,61,212,〒981-3205 宮城県仙台市泉区紫山２丁目１−１,宮城県仙台市泉区紫山２丁目１−１,宮城県/仙台市/泉区/紫山/二丁目/１番,140.83121,38.3452,5.0,7.0
ＪＲ仙台病院（五橋一,2546,64,38,26,120,45,75,3,1,2,107,46,61,294,〒980-0022 宮城県仙台市青葉区五橋１丁目１−５,宮城県仙台市青葉区五橋１丁目１−５,宮城県/仙台市/青葉区/五橋/一丁目/１番,140.8806,38.25555,5.0,7.0
ＬＣクリニック仙台（中央一,1,0,0,0,0,0,0,0,0,0,0,0,0,0,"〒980-0021 宮城県仙台市青葉区中央１丁目３−１ Aer, 11階 仙台駅前","宮城県仙台市青葉区中央１丁目３−１ Aer, 11階 仙台駅前",宮城県/仙台市/青葉区/中央/一丁目/３番,140.88142,38.26265,5.0,7.0
Ｍ＆Ｔ泌尿器科クリニック袋原（袋原字台,1,0,0,0,0,0,0,0,0,0,0,0,0,0,〒981-1102 宮城県仙台市太白区袋原台３１−１,宮城県仙台市太白区袋原台３１−１,宮城県/仙台市/太白区/袋原/台/３１番地,140.90662,38.1964,5.0,7.0
Ｍ＆Ｔ総合クリニック福室（高砂二丁目,1,0,0,0,0,0,0,0,0,0,0,0,0,0,〒983-0014 宮城県仙台市宮城野区高砂２丁目7−７,宮城県仙台市宮城野区高砂２丁目7−７,宮城県/仙台市/宮城野区/高砂/二丁目/７番,140.96892,38.26857,5.0,7.0
Ｔ＆Ａ内科クリニック（将監八,2,0,0,0,0,0,0,0,0,0,0,0,0,0,〒981-3132 宮城県仙台市泉区将監８丁目１５−３１,宮城県仙台市泉区将監８丁目１５−３１,宮城県/仙台市/泉区/将監/八丁目/１５番,140.8739,38.33451,5.0,7.0
